id,alpha_int,alpha_dif,mu_c_int,characteristic_time,peak_amplitude,tau,X^2,bic
1.0,0.15494583517756708,0.15722292758359693,0.26570645389942255,1.3045151563704052,-0.018485758934184117,0.3562125704237687,17.808020327541318,1802.6882705295948
2.0,0.22322446742629085,0.027035688138341164,0.25353205009601154,0.6855250974933103,0.11466880091498517,0.4092410522019429,9.429670857411597,1794.3099210594653
3.0,0.28528101092942965,0.10462141838503514,0.34471235972884195,0.5638984245370959,-0.1544585038769274,0.3684715680327637,7.926263042997666,1792.8065132450515
4.0,0.22288235041676827,0.029197830435741496,0.22180590944236883,0.9523559115416105,0.06397943321052535,0.26580425895979,94.81076853028202,1879.6910187323358
5.0,0.19125101167292138,0.005889776961907867,0.33656269142100537,4.676171498439086,0.13217715907192326,0.447576541529632,242.6238544473539,2027.5041046494075
6.0,0.22457808384754877,0.08060134127058567,0.2162612525064544,0.6450245603325335,0.13179835555733418,0.3517881451676829,19.975042695289428,1804.855292897343
7.0,0.1923785456134221,-0.006313265318025208,0.29638990424098444,4.8536990262356605,0.0782376410006946,0.40895909212044346,6.367359078601223,1791.2476092806548
8.0,0.3589003314842335,-0.10922023672531037,0.28642660820584487,0.677278492427329,0.18561841822349917,0.30745689674868326,22.58797776548318,1807.4682279675367
9.0,0.18343847515476608,0.0804516175404682,0.29561135558315693,1.4650183299170847,0.08957825846619692,0.3950093074131191,15.390573305839403,1800.2708235078928
10.0,0.3205801359040752,0.1844844775642499,0.2585720409984687,0.44362380261127976,-0.11851500099805037,0.3710611342588017,33.89533304772421,1818.7755832497778
11.0,0.3695855909284952,-0.005911042197437344,0.43102161749227424,4.920807135113199,0.1045858008384018,0.30549674076646854,0.19717556331292674,1785.0774257653666
12.0,0.24511487117977757,0.059393286648018066,0.3047110193833741,3.551329225631335,0.1296150177941959,0.4051751915114765,2.6084644252263405,1787.48871462728
13.0,0.24463996877088487,0.0373013422588187,0.25351247542074473,0.8982976613294795,0.13805966199829908,0.3836685216860159,14.690993291711383,1799.5712434937655
14.0,0.1765547286186996,0.0022067632641395107,0.29632303584758707,4.957196341125178,0.15597083465034906,0.3866190611919665,16.99446332306274,1801.8747135251165
15.0,0.3722914302155227,-0.05554346202134391,0.20002484165702877,0.36548168373412304,-0.04816980540059728,0.23554301836779368,7.345342553165199,1792.225592755219
16.0,0.1299094500786721,0.1989680750540228,0.3033806638211404,4.431035932456479,-0.02709745753602575,0.4027214085583483,55.540187324756275,1840.4204375268098
17.0,0.2823915509871698,0.029908044008235636,0.20221365432345667,0.7431257911765219,-0.013072054337712524,0.2931357360501224,26.798281101655686,1811.6785313037094
18.0,0.2621190794293412,0.003407719322431646,0.22071236964336793,3.5575693962451926,0.010346069955822268,0.15293666369963166,25.01964660647816,1809.8998968085318
19.0,0.16047848918867297,0.0683174847421385,0.23562703882788374,0.5875073748293598,-0.04565926659186399,0.3898785222049853,63.122506027801556,1848.0027562298546
20.0,0.2344388410762948,0.10633427466256631,0.24719257355827218,0.6067407622993011,0.0968966569538618,0.33319643364599044,4.987799413704697,1789.8680496157583
21.0,0.19141790820358034,-0.0016669507184166488,0.32854058553520793,4.628231372583087,0.014573747264804204,0.16119513221333023,26.46497824796294,1811.3452284500165
22.0,0.1885944682919633,0.16772327443331925,0.2084646144671603,4.8126260342762865,0.12290556988455847,0.39462762683942215,24.87038134951398,1809.750631551568
23.0,0.26518994790952694,0.11032785704217363,0.22081568808782173,1.959846380944071,-0.022946141983855042,0.2915391623706795,19.23259974049148,1804.1128499425454
24.0,0.23536129011238738,-0.005224374634156526,0.3646017379655539,4.61284198669359,0.06080979917389913,0.40959786362774936,3.0280160529026787,1787.908266254956
25.0,0.14657189947357754,0.04878942221026037,0.28253630869683133,3.9189758217957844,-0.041686448125199775,0.3669107396652606,57.69981637275067,1842.5800665748038
26.0,0.31677228351794967,0.17403049924048505,0.36847409728841185,3.14229109416032,-0.12790806324991788,0.3375292986334651,44.30537915227988,1829.1856293543337
27.0,0.3791972346317526,0.19806474963720733,0.36935491458198977,2.4355135845575364,0.23100848621434233,0.3947426893768486,11.836811134175857,1796.7170613362298
28.0,0.37939254193128363,0.19994009459903103,0.20035305793786895,2.1096806077375687,0.04043702090357071,0.4017710339127638,9.612421226401107,1794.4926714284552
29.0,0.3672892778128986,-0.11479327432229336,0.3144801324489739,1.440772183616494,0.07048514973763097,0.2582796326537069,12.729298242862379,1797.6095484449158
30.0,0.24962403874034886,0.022290948813560398,0.38088799963288894,0.3869499748404497,-0.07732943186260695,0.44987248013377584,41.19740863259271,1826.0776588346466
31.0,0.19006054603717593,0.05118350891321493,0.2742058001538042,2.998430739513569,0.07894311132893561,0.382633821870646,11.605815751945578,1796.486065953999
32.0,0.34063557202776684,0.1953131733457708,0.2813066630890917,1.0126309439407954,0.16147496850894003,0.4420519624466891,16.87450921792859,1801.754759419982
33.0,0.2510209773033105,0.09040029346343537,0.33476833800553074,4.872105663376917,0.1406483501152028,0.44619172086980874,0.6453718258994137,1785.5256220279532
34.0,0.22290975464381804,0.09278632225132144,0.22990131240405104,0.5688453155245097,0.17544094213134223,0.39320935037626914,101.30676115330272,1886.1870113553562
35.0,0.19400813567076286,0.05312161501852657,0.22353098465101,0.7563410000429471,0.08934670940392721,0.3598884408200074,58.04623196508249,1842.9264821671359
36.0,0.21101432910020598,0.018545968002726454,0.2562596329071709,4.067448995756771,0.11922969902557634,0.4288519673867062,13.374903701670116,1798.2551539037238
37.0,0.30843499271941455,-0.04967404577017612,0.31007043687481983,0.8708881109530602,0.14523441515081661,0.3490077789827852,33.47496383252601,1818.3552140345798
38.0,0.18701449165923575,0.07242709456734953,0.20281962323311536,2.040110171452362,-0.01012905684965766,0.3422848999186222,33.70309474400949,1818.5833449460629
39.0,0.1785948982020576,0.08404267347441584,0.2899443361635169,3.917977341322583,0.17517888540744045,0.36310690629142267,11.322487346514857,1796.2027375485686
40.0,0.3294779997823462,0.12172143699892653,0.2028534062268485,1.7827138289356577,-0.028266420296180428,0.1567747588741484,31.473950475043218,1816.3542006770972
41.0,0.16387444883752256,0.0960667775590292,0.24558304376614468,4.674301246129241,0.10362548445208869,0.399713566570003,141.7537346008514,1926.6339848029045
42.0,0.36211972119669866,-0.01916267894236099,0.20044058882427312,3.9179171058145688,0.03579925419406971,0.200017217840587,15.577666850023762,1800.4579170520776
43.0,0.3625531264848304,0.001624298720050499,0.22113620731315053,0.7799300590268172,0.21488184658730827,0.27571252066598095,28.02884682579827,1812.9090970278519
44.0,0.29180541796835413,0.062473339704837816,0.20008506199947074,3.3256525768481873,0.03146966010633774,0.20109882560006542,108.63533917934944,1893.515589381403
45.0,0.21296200858675804,0.015028565631805879,0.3004801498493219,0.5862171641693508,0.08005333547899483,0.31575704425248435,17.2352865138112,1802.115536715865
46.0,0.20116016698069936,0.06746983580640711,0.21803788569839222,4.4948683809675956,0.060871162613579256,0.4459510462519431,57.24597235270072,1842.1262225547543
47.0,0.296200866484453,0.1969440263384184,0.2010770841800824,0.11820601877487835,-0.1586530249676384,0.41517840556672747,41.44940695109345,1826.3296571531473
48.0,0.18497764483475848,0.08707377547179274,0.20630008048806764,2.0543482305287872,0.03852554840350928,0.32281226017954934,19.99267272999025,1804.8729229320436
49.0,0.30979702243816665,0.17212045557251582,0.2309518265618824,4.3207328573597925,0.002451340854106388,0.24837559776576634,26.929592272468337,1811.809842474522
50.0,0.2195664769038205,0.1340790906892264,0.2967545613377056,4.801149957716064,0.14370838156165924,0.4424931612508154,6.708025151140537,1791.5882753531944
51.0,0.32522862082072906,-0.07593694469397289,0.33844597428684936,1.073663616051379,0.23998197978396885,0.3976448538133481,21.47193839739327,1806.3521885994471
52.0,0.31066652637236825,0.11779365156980735,0.4604837690994687,2.2086246015309308,0.03805606618929121,0.25625778004236766,7.247298395361636,1792.1275485974154
53.0,0.263741788794551,0.002459703555197912,0.20456942645581622,1.0946100300308685,0.06517552190255237,0.32982625042067054,80.43863253720845,1865.318882739262
54.0,0.21765553701857737,0.02738316780084822,0.21404738678743096,0.6626535719423736,0.04976865590460147,0.3587969671363687,51.135898361195586,1836.016148563249
55.0,0.24362210447661875,0.11165794153562653,0.2049423015892306,1.4128945593680373,-0.036691781324372744,0.36297419234688205,22.546496877183547,1807.4267470792367
56.0,0.3038003701422648,0.022838519230551226,0.4111005302919334,4.27665164119136,0.005677851145662949,0.2938144798109643,14.112062049631403,1798.992312251685
57.0,0.21331532957443639,-0.05919500047855746,0.3581604916250626,3.8971280725207773,0.194496231824356,0.3749632918222147,49.566685503872584,1834.446935705926
58.0,0.2722081026255014,0.12548445145109607,0.3651195673323602,3.4762509074210945,-0.08072814781224187,0.23370505543271544,77.46739553935774,1862.3476457414115
59.0,0.1356932844508139,0.13599074859551102,0.23645026115130718,4.644101577658992,0.08418045579246237,0.4474618804405345,23.0569548506115,1807.9372050526651
60.0,0.1524827944349712,0.07664011579710875,0.25399816076316334,1.1772752380557316,-0.012040663551800758,0.43032632673824295,50.92211161428495,1835.802361816338
61.0,0.3559865237789618,-0.19915349888927325,0.7422030722940792,3.6088136404291413,0.08942196759446608,0.16443181004162352,22.207609076237038,1807.0878592782908
62.0,0.22676244769583814,0.16598448387442877,0.2263961095734061,0.6051483190497062,0.008998549101807285,0.40647365010940745,23.17530774549371,1808.0555579475472
63.0,0.22730833637253936,0.0726737476744567,0.29310656269405144,4.128073773588254,0.059980291519736634,0.2630101241948543,51.169508980731095,1836.049759182785
64.0,0.2685373926978431,0.06412491352286813,0.20195915082743346,4.461278175482953,0.04402122198197818,0.2696423509923065,68.6129138181812,1853.493164020235
65.0,0.2544462236008879,-0.031423648096803605,0.3573107122194866,4.401569409888042,0.08042279868170282,0.18456794511193214,4.1962264824961855,1789.0764766845498
66.0,0.20252625074977051,0.025373176330123183,0.26332562124548564,2.7436612113047785,0.00686341428750087,0.41065395239335356,145.24216486299983,1930.1224150650532
67.0,0.14038028168966232,0.13095445788074606,0.362007375766738,2.721920408665819,0.14362704711878393,0.40565649437057777,12.076992902320793,1796.9572431043746
68.0,0.2249110347629178,-0.026143882930991038,0.30837862466453,2.8659579588205055,0.10317340953603643,0.3943582392987771,22.088728488231105,1806.9689786902845
69.0,0.2407560740133404,-0.009064009616437652,0.2431197983316355,0.011009267981171078,-0.26464453792420034,0.44735966171385844,23.086583671325023,1807.9668338733784
70.0,0.2180229564887852,0.08787821655580719,0.25964046837814714,3.3771227415678338,0.039521692577387316,0.25744974507203267,15.705617673752302,1800.5858678758061
71.0,0.2641983319450072,0.06234648494132249,0.203549710248848,0.7443862156065373,0.016755892228304602,0.23951876999754065,12.899428478084054,1797.7796786801375
72.0,0.2771907678329913,-0.005405827197996094,0.3971129903827257,2.5748509856997854,0.18309891604607423,0.36573459320516694,5.833360998061604,1790.7136112001153
73.0,0.30761272418697316,0.1779985267310083,0.29815292793768505,4.984463506306365,-0.13680717901911216,0.327366416978072,18.13596056982684,1803.0162107718809
74.0,0.27736534063823337,0.19873856599391046,0.38075506839664464,0.5725069951534343,0.07871189226374647,0.22174622581102166,15.606897734898471,1800.4871479369522
75.0,0.10830183069706258,0.07174694747682868,0.3004494105776263,4.783564156123617,0.16162557703553848,0.3979671996197391,41.46680687129858,1826.3470570733518
76.0,0.19994543322419542,0.19755775445854568,0.22423709314248635,4.899771354943852,0.0748558230643777,0.44120839897549896,33.59849275266275,1818.4787429547164
77.0,0.19801964713176767,0.08745923303389819,0.27641241436771447,4.4366252674622215,-0.008370753652999064,0.43216196796315764,8.657639605457039,1793.5378898075105
78.0,0.24093827369941329,-0.03366336486131407,0.3328270482266249,4.89150877325398,0.32327401380374576,0.34369850077441166,38.39773689437785,1823.2779870964318
79.0,0.3105667174580659,0.057404059653416176,0.24153937197264158,4.998766015419518,0.2246565653018073,0.3819957920141848,24.015010169450687,1808.8952603715043
80.0,0.3152024351737756,0.05902075286535018,0.41182502217794315,2.1292413244413337,0.16667509897905994,0.2710339874072758,21.083455060485385,1805.9637052625392
81.0,0.22869525884660077,0.1050657212768002,0.3023762062332639,4.803607595558422,0.09570430537871304,0.44549926374635573,90.99219609902528,1875.872446301079
82.0,0.25140153173983304,0.16141828302674366,0.2486795283621513,4.866110223333301,-0.13302240167365026,0.3501979591906758,68.25353614849332,1853.1337863505464
83.0,0.23041647990091021,0.16494138903303215,0.3462215602024712,2.654418097913765,0.10554911066786454,0.4040106047414872,8.737827339321987,1793.6180775413757
84.0,0.3640104372759902,0.07538893232005571,0.2026356787320388,4.687823432460229,-0.09995639659318122,0.270319944163182,30.237615383390548,1815.1178655854444
85.0,0.21849262887934368,-0.0023523883786558345,0.23579694417128477,1.8099358965367993,0.04102052521922772,0.37643563541568714,45.47686016066544,1830.357110362719
86.0,0.17756929528178078,0.040254924890908976,0.22314541140983893,1.5349350016361463,0.00986246717989383,0.4366163079987846,40.75526153752964,1825.635511739583
87.0,0.24519129911628185,0.08912625760839227,0.249926816767302,4.687030406464064,-0.05485005279714144,0.3201175492714496,39.70226781508412,1824.5825180171375
88.0,0.21208123982211974,-0.03161532878006697,0.31885842672107323,4.972713394045312,0.2341577309760129,0.3855927637572998,21.617544675375452,1806.4977948774294
89.0,0.27493113665856317,0.05434060679572417,0.23798470827818913,2.9854298423793777,-0.03921370084359661,0.35357321062836417,11.812637865173512,1796.6928880672274
90.0,0.3644172199762342,-0.09566629022748946,0.2620628372066461,4.947672081297425,0.1794446769384364,0.35054193754515767,27.789755689294918,1812.6700058913484
91.0,0.26987415262779674,0.1588943750546722,0.20175455341444315,4.771099822568543,0.05074708757625484,0.3963103719706004,37.35029518581413,1822.2305453878678
92.0,0.21327052455563864,0.03152024352086929,0.23422421343251637,4.733481176040328,0.0970838540971391,0.42460919158737753,42.57278642945538,1827.4530366315091
93.0,0.2163582588455675,0.027842232168642057,0.2028292999336081,4.855644979575304,0.07570598735772674,0.2749181164496973,50.19790788101317,1835.0781580830667
94.0,0.1867215370019622,0.11262310049126478,0.27842516203892453,0.718758252145006,0.15990347040887531,0.44999688469986954,24.779523533814892,1809.6597737358684
96.0,0.37512230000697677,-0.11267313630310319,0.3917463216484639,3.3051616983810903,0.12185151320535388,0.206792403167548,43.77590411272475,1828.6561543147784
97.0,0.20789567541329107,0.04992942826208112,0.21726772075661488,3.1848706677691387,0.05788450798861345,0.36776369133650144,46.23826820634396,1831.1185184083972
98.0,0.19611554977170062,0.07829419892662659,0.20041501465317652,1.535413011478794,0.012672782591018894,0.3678537637947261,42.127902548085174,1827.0081527501388
99.0,0.3794785230212844,0.08507112623313318,0.41556957786962495,3.867299737234803,-0.007146876485565824,0.2181785582530039,44.43785214861774,1829.3181023506713
100.0,0.193741114474634,0.03505261421565984,0.3384552447772956,4.328550569603311,0.11607955472337324,0.4078147227804086,17.977862178210657,1802.8581123802644
101.0,0.17635229588388096,0.03956505482356039,0.21636666047908054,1.3452497402088006,0.016161383446709456,0.3763729397491353,90.19375532010437,1875.0740055221574
102.0,0.33366196671771825,-0.004057176100570259,0.30887823584785723,4.594635854771905,0.07697303405302867,0.21244007260349046,13.630674025075884,1798.5109242271294
103.0,0.26152917533727094,0.026589848545156294,0.3001543957938647,4.886842978290139,0.24044786164665793,0.3251124457338458,40.152678457775146,1825.032928659829
104.0,0.24958503410559052,0.18430451980427473,0.23106863688025614,4.989897799573344,-0.21117466116917827,0.3968291546904291,37.6705084420752,1822.5507586441286
105.0,0.20346975532975606,0.013010454542407991,0.29444152389183015,4.847510833195361,-0.15428187158788056,0.40620766655624757,32.3997303078166,1817.2799805098703
106.0,0.17258089547352806,0.015485865981688359,0.3392749785537429,0.7118990950736579,0.031507733218822595,0.4398172718741943,7.092969440406433,1791.97321964246
107.0,0.2832346097895414,0.03792023852648399,0.2237155897087444,0.7141043036748871,0.05512886569411029,0.39600829644314217,4.925986848488586,1789.8062370505424
108.0,0.21084245389294384,0.19460361166329443,0.3193787473771245,0.9838671815098592,0.026385835967493422,0.44179518853036026,41.19739797289989,1826.0776481749538
109.0,0.1929690983950686,0.06562126069720074,0.27675194198580044,0.6884496259455397,0.12895963938667246,0.442571312937031,15.337971727562502,1800.2182219296162
111.0,0.07857965770118379,0.04146300368359976,0.7719652083974036,0.19982831262955322,0.3173886147899109,0.17273921368011985,2164.9306024799484,3949.810852682001
112.0,0.26306259222411305,-0.03704719598078656,0.3320522803156789,4.690883966081122,0.1604589832996829,0.27663106776253654,8.80669074682557,1793.6869409488793
113.0,0.16211366630159968,0.058511194221812925,0.2720703793566806,0.6794167699263778,0.1800343717168941,0.4464808386658353,30.585383477640367,1815.4656336796938
114.0,0.2651667857906872,0.029939063141136257,0.5209571175932576,4.973733655809244,0.24575040526604744,0.41003517792313604,2.136451533669617,1787.0167017357232
115.0,0.3242971088109254,0.1581289116730505,0.2266090055158237,0.5388604154448928,0.10363587730916901,0.2944348654238544,15.037008517273545,1799.9172587193273
116.0,0.21956308513622053,0.02167274940224595,0.24612237054585162,4.017842295896652,0.04329664076642743,0.2987488249401404,51.47121866914784,1836.3514688712016
117.0,0.2893891595361543,-0.05870230757700228,0.35230615690663936,4.88040208281247,0.23331641878428525,0.293440779701694,29.137528353905093,1814.0177785559586
118.0,0.20434871244710348,0.026566027618933365,0.2731554075040992,0.9205183733339415,0.10870554135645571,0.3689623392957193,47.54418106649036,1832.424431268544
119.0,0.20908959187940415,0.19989272478633408,0.3045953481455894,2.5088724761492807,0.04150773205099752,0.441573968727649,17.095009230780853,1801.9752594328347
120.0,0.267870823523273,0.16890168043335835,0.23629958244847288,1.2480532668876743,-0.05771525563350029,0.3253253846126313,62.70942503118049,1847.5896752332346
121.0,0.1801653097466595,0.02456726514547515,0.27313245422090887,4.617584873773447,0.07044753752537578,0.33741822426840373,22.939242303651458,1807.819492505705
122.0,0.34350575208742673,0.10328493170247027,0.40589633412361226,4.9702049291187365,-0.10767756967097611,0.16827961484330753,5.714324372401537,1790.594574574455
123.0,0.1736875719925733,0.033428540798015494,0.2604217044391913,1.1089140571459855,0.04276369797492361,0.40652213623947153,34.18564529642532,1819.065895498479
124.0,0.17438216593315825,0.1355241667695659,0.3093089905133499,4.463357483354243,0.09569571592916404,0.3986829876007051,4.376585261382937,1789.2568354634366
125.0,0.2285169178643781,-0.025777951874522323,0.21971294460628826,0.8498402211042944,0.047197880019487395,0.3199793920406179,75.21888068803807,1860.0991308900918
126.0,0.18068664343745133,0.13002723340798844,0.28079343423277725,3.0837749860549692,0.04979402520696361,0.3670327407468714,21.57106234127489,1806.4513125433289
127.0,0.346283034082678,0.19672704906962327,0.20015067845674983,0.7258763899012739,0.15135307041556728,0.40004136666422474,18.32599025438908,1803.2062404564429
128.0,0.33463880159390225,0.06538358190825355,0.2547575275169358,1.0413901541498782,0.1446429042245841,0.3487570712840512,46.69939976174933,1831.579649963803
129.0,0.2944255398837857,0.13309818987488242,0.5722763934370194,4.597185430937608,0.038752905015009366,0.33692179458937654,17.035883101395385,1801.9161333034494
130.0,0.21524688195447822,0.05468796806980314,0.2184582990663959,0.49339634403796717,0.05692079864103148,0.24986287791561398,11.407474802791345,1796.287725004845
131.0,0.2182069153413033,0.11301920455928403,0.22013341907070233,3.0484156412958257,0.02218303968505149,0.3452177124831725,16.197535086789017,1801.0777852888427
132.0,0.35838876738595177,-0.051496182304143795,0.31029819219653865,4.575780270718364,0.13472512428068972,0.21847497679767547,3.063049706579375,1787.943299908633
133.0,0.19880101961223612,0.044198781619975994,0.27824940097621853,0.7218658428160822,0.0931258495125869,0.3600991689587347,10.596340696736581,1795.47659089879
134.0,0.3798715212050501,0.01230870323291673,0.31423317714578125,0.7145893895925384,0.0670963329613385,0.1593634557932814,15.718866209600222,1800.5991164116538
135.0,0.2551348061721886,0.1581661367973513,0.24520079727956,3.2459142396386707,-0.04591575466554079,0.3135493395320958,29.20979723406297,1814.0900474361167
136.0,0.37054983198214575,-0.04868617393047765,0.24400501974415179,1.4218904961207968,0.1683031313593757,0.3112792084821861,11.139780537479634,1796.0200307395337
137.0,0.2712789190703749,0.006484668430519092,0.4163085287847099,4.689307093823918,0.30010483921097414,0.42187153135103395,3.232935246437566,1788.1131854484915
138.0,0.3323835061767104,-0.013819759244358677,0.4428477469274615,4.770277956898689,0.20539818797098583,0.44695016650061375,80.18075220287618,1865.06100240493
139.0,0.370230281895335,-0.17274929704781725,0.24583188160456582,4.9860177238961025,0.23237271817076827,0.1599115485055063,74.88884057012055,1859.7690907721746
140.0,0.19718566444899377,0.04596196530172486,0.2538377106998315,0.8397819590767384,0.14294165415988389,0.43274244449758736,36.546402314484624,1821.4266525165383
141.0,0.25511594968808426,0.11731848053038384,0.22794911748017355,1.18242884153328,-0.019567692286686623,0.3335035065912365,36.17027274776519,1821.050522949819
142.0,0.31521400246868786,-0.052174585820334275,0.389891451675536,4.3899492857721985,0.14678501588990364,0.42779248606420783,69.36021239207132,1854.2404625941251
143.0,0.22453234275371864,0.1895699162439505,0.23061874555478906,1.0940675023708861,-0.09720122535734488,0.325353934835925,35.12547484451969,1820.005725046573
144.0,0.19109989130260235,0.07984438371582164,0.2929492587255195,4.871796403777966,0.05084928420783106,0.3699381280270855,40.375616032466006,1825.25586623452
145.0,0.37284519188487253,0.014392595170568968,0.3859809484662554,3.522454749470336,0.02778444379283869,0.20778544679870353,18.69811253460205,1803.578362736656
146.0,0.3572888258028385,-0.08521732833517784,0.27667266359543297,1.6713442508602971,0.11999458435531718,0.32207183233783304,7.721214301638122,1792.601464503692
147.0,0.379613747136697,0.19701092228344252,0.2004827460696754,0.7944251217038245,-0.10847846171386727,0.24400208049445749,72.4133859963311,1857.2936361983848
148.0,0.22283853362167091,0.023462608631364734,0.24040687380228254,1.980948572406963,0.02970440352809911,0.42374822821765357,7.358061170290069,1792.2383113723436
149.0,0.2872456938060404,-0.05477858969378342,0.24775188151019012,0.6392125403957212,0.1682972359947802,0.2913990980874194,23.515310753392736,1808.3955609554466
150.0,0.19021936981809323,0.05261829321889162,0.46091943194580626,4.818052546659163,0.06342751575160686,0.44823293977812495,15.486437207168516,1800.366687409222
151.0,0.27656404173222815,0.021580157079569152,0.2328495344834728,2.999327637990389,-0.00023052414753546027,0.18576953804742144,13.279333218834699,1798.1595834208886
152.0,0.2243625318355891,0.10254408960374156,0.24504256079013442,0.7219344341312313,0.08337879272471965,0.43702946352928423,26.339707942030596,1811.2199581440843
153.0,0.28397622693437813,-0.011708285597016489,0.20908278336203562,1.065441451132001,0.04098633818362832,0.31992220663444937,11.253983681151238,1796.1342338832048
154.0,0.32089765149518557,0.03568487079731297,0.20237152890743731,4.600688425368496,0.12733150166545437,0.29323057181972284,92.66370514166647,1877.54395534372
155.0,0.14383706191037188,0.027972751142550226,0.27222910451109195,4.482387182257729,0.11671826023696089,0.4054692833502125,28.20671606672835,1813.0869662687817
156.0,0.27845418450544956,0.1393205552852019,0.2797694698124983,0.6878411356294345,0.11889431425778155,0.4004817838596965,68.00989716557402,1852.890147367628
157.0,0.3559173896009563,0.06609198961859486,0.289883298811372,4.854038813852329,0.1948077996460857,0.17225338937531584,63.29246359809759,1848.1727138001513
158.0,0.3591297525114693,0.06253200997103607,0.2777019784538306,4.973271753359269,0.1771475046291945,0.24226192119959084,21.63050093576944,1806.5107511378233
159.0,0.21898542347932107,0.1614245683178778,0.3277706340858335,0.8896843408461059,0.11952302039805032,0.34711377400000004,2.94041185760008,1787.820662059654
160.0,0.30351857740575766,0.0741737388724598,0.21973933799642986,1.2853720864710014,-0.09087420301972444,0.3769166607871639,16.95617314544938,1801.8364233475031
161.0,0.3182725514095364,-0.014761817576051217,0.2628883453105664,4.213332717579496,0.08435282147650405,0.448766863166262,21.64872520184648,1806.5289754039002
162.0,0.21008141643134975,0.09737034813110386,0.25936983652935397,4.770500669783377,-0.0242150371976821,0.4152799113724452,4.972449464094825,1789.8526996661485
163.0,0.2731120102288899,0.1990483527500969,0.28507827650619055,1.404963528907529,-0.06279655046372734,0.4105567786424949,47.94279056096809,1832.823040763022
164.0,0.3645322485292082,-0.11724990249860368,0.21617954000118672,0.6974380187253812,0.09154827651506646,0.19025742165899806,43.03510417799446,1827.9153543800478
165.0,0.17816433759087186,0.02784227607399266,0.3206551714506017,1.0514880228270393,0.027660293535103887,0.42901614352114514,4.59552638573366,1789.4757765877873
166.0,0.2348503254148232,0.054884744230962124,0.2486604266690366,4.991152401818552,0.1456201372936193,0.40575753939768033,22.90024763439127,1807.780497836445
167.0,0.17738651178175896,0.07300886048831523,0.30379245189822246,3.5668418679853366,0.11744209971400599,0.4286977389637312,12.763396872432997,1797.6436470744866
168.0,0.3792046718260304,0.0038238002876599176,0.27480930034875817,3.5169390787357684,0.08698557363699742,0.4460796241344941,34.17311199218716,1819.053362194241
170.0,0.26506278389292914,0.06668849917719877,0.25660438900435134,0.982813283263867,-0.007775958363967695,0.40184631213807825,52.953888539164275,1837.834138741218
171.0,0.1820307871607174,0.07258771358961819,0.2682494265393713,2.430854624515826,0.14743700233354573,0.34329495296392376,29.245198448672596,1814.1254486507262
172.0,0.24099042010915256,0.09365015611459518,0.24612738965893116,0.6621391432497414,0.15092734850186595,0.3801386618540279,79.12108579979096,1864.0013360018447
173.0,0.3416533208755187,0.035652094225536626,0.22257941859010694,4.030668774545259,0.095036463620234,0.44264215227053727,34.209380633660174,1819.0896308357142
174.0,0.20037532179346834,0.06001629395253148,0.20729511665450878,0.7627041780034218,0.1497247732170838,0.43636597819999756,50.42503439576475,1835.3052845978184
175.0,0.15549573358111324,0.06978412290461065,0.26603868940849973,0.972745149549967,-0.006020040162507375,0.40350461058595866,14.700706392910151,1799.580956594964
177.0,0.3695562151760564,0.15171684548772013,0.40872430317711905,3.7286369658182172,0.0751504729296733,0.2740925990857539,5.264817629119838,1790.1450678311733
178.0,0.31958013515608363,0.19302216478023704,0.21592789684206387,2.2534721331502525,-0.050564167223642015,0.22865849088451173,27.09583347834046,1811.9760836803941
179.0,0.23757196172570588,-0.009232993073933993,0.28098506397598966,3.0545728725993726,0.047564458310643515,0.405819092485427,78.40616599805884,1863.2864162001124
180.0,0.26357043481829795,-0.014664615128638992,0.24940605470245086,2.5469101547515733,0.09536679955110393,0.26171559099356295,25.4436391325922,1810.3238893346459
181.0,0.15236556032298576,0.09005586074004457,0.21054051060387696,4.833531022194507,0.09257794760777989,0.4339218679765502,75.67502087685368,1860.5552710789068
182.0,0.3765113214815077,0.19949587052110218,0.27963699459782465,4.980007194700022,-0.13956112195658074,0.39761937888883847,62.3737413689538,1847.2539915710076
183.0,0.2723633515883287,0.14665527984298674,0.2217959395272755,0.656149736641437,0.043404395660741904,0.4438151064092872,23.478121520676897,1808.3583717227307
184.0,0.1950417946048981,0.12762638662752815,0.20049237078451715,0.6900408241089149,0.039884700257645546,0.3254927462293772,44.20716900692501,1829.0874192089786
185.0,0.29253286578570975,0.07736105769279811,0.3022395332092095,4.872478000506039,0.1933736991455975,0.44376890967868493,19.656871530081293,1804.537121732135
186.0,0.230199964086041,0.19960288184981778,0.4508706892106233,3.185899967292966,0.13991673771374166,0.3897722406633461,15.11764800945271,1799.9978982115065
187.0,0.29789850442470467,0.13029088341490133,0.20015759469268563,4.959183252069166,0.06431526092107571,0.2986437993832593,29.417539448027867,1814.2977896500815
189.0,0.3768659346948145,-0.07616245888570987,0.23744838877650581,2.628437671824583,0.13352560844002265,0.16057397370785734,136.31120719986936,1921.1914574019224
190.0,0.28883847739145463,0.042410962700069325,0.20055525177576444,2.165204012131643,0.004656894290079805,0.22572334067407174,28.967621542475328,1813.8478717445291
191.0,0.2650998465264826,-0.007865928104207193,0.2525217142457994,0.8177172016954599,0.2144991679935871,0.4291024099644702,42.649756038659774,1827.5300062407134
192.0,0.37263497640551757,0.16611191988791857,0.2993993856754293,1.166213076591589,0.15114668810113888,0.4241279728432813,40.28844152665062,1825.1686917287045
193.0,0.2078752308544467,0.07663446727380858,0.21706633017977306,3.7713150853725894,0.06570173513180598,0.34930739356343815,26.66411301779109,1811.5443632198449
194.0,0.1141623168206221,0.110910630712627,0.2618919874220431,1.0335393933801067,0.09391567231096341,0.4326231045154893,64.9078099133962,1849.78806011545
195.0,0.34479333503005116,0.12082902306367922,0.4508711717864926,4.4615976795309376,-0.1161251624673536,0.19722293958619133,25.49664831214836,1810.3768985142024
196.0,0.2518430295015576,0.049611206171777146,0.22012424882417414,4.569152832950486,-0.07318401749442685,0.32037082782789217,11.537767075200572,1796.4180172772537
197.0,0.360709640124247,0.03691065390495645,0.3050013304560051,0.9500908114052296,0.012657971916252377,0.2119599113073331,6.47788516048733,1791.3581353625411
198.0,0.2445888139836062,0.19639664461570785,0.2572795986365955,1.813114747461983,-0.02882180694402159,0.3634808597214267,10.973380250617838,1795.8536304526715
199.0,0.22396552225397923,0.0602671961775849,0.2161829757002549,0.5754690374265767,0.11761817848846809,0.2986105268491307,22.954166249340606,1807.8344164513944
200.0,0.3138678662947844,-0.023746595374938468,0.23413152029393608,2.231866971431541,0.09766604309416477,0.1881823224888916,32.32541318156307,1817.2056633836169
201.0,0.30477210821553835,0.014475864893401559,0.38156807382364333,3.109280957997294,0.1977355526533464,0.3553758007353211,33.43965122269007,1818.319901424744
202.0,0.17839436417085364,0.05980696786814852,0.2558591599943617,1.4472701741187046,0.09669892954010487,0.3439648001962058,41.83942217463642,1826.7196723766901
203.0,0.20809829016714956,-0.02682509524049206,0.2696342573424756,4.992170796117342,0.13173090515827895,0.4168993101595637,12.474968709180512,1797.3552189112343
204.0,0.15960207641376134,0.015112222093057648,0.36787311236102105,0.6607660452244846,0.06234962051801718,0.39661776363902357,8.7737290914383,1793.653979293492
205.0,0.21957024348281384,0.11201338537259763,0.2790792518412244,4.735133328787601,0.04645003791168465,0.36695726891939245,23.763112939157814,1808.6433631412112
206.0,0.3552732277621964,0.1722883432485535,0.20396982656393264,1.8100590257372402,0.18487019572327662,0.37004475846516616,77.41889185514593,1862.2991420571998
207.0,0.22080556267362372,0.005100075819853611,0.2814739202806067,4.909244651528445,0.13680001655869178,0.3513841860758107,63.023420331016446,1847.90367053307
208.0,0.29656382348654664,0.1567666699649599,0.21139487361719622,3.021629715657581,-0.0829143221226779,0.43525662393534637,18.10732356267881,1802.9875737647328
209.0,0.2654310139978953,-0.03300952615631134,0.22540840260581574,1.1714517270101097,0.026449496413255426,0.21184575233745961,47.37620500833281,1832.2564552103863
210.0,0.3753855834014289,0.040154802665823316,0.20189337959117998,2.0273757530614285,-0.21202652273279354,0.2570208936625862,76.53669958985651,1861.4169497919102
211.0,0.19394347381403437,0.1745948078372624,0.2888213423382514,4.735320671865701,-0.021006082513726067,0.42036554593404285,7.72407523697977,1792.6043254390336
212.0,0.3541301419258805,-0.06585482375557446,0.2751863987541473,4.568515547818176,0.15392560439684413,0.28170739645721093,4.671749391454703,1789.5519995935083
213.0,0.3130922009744782,-0.11557270573371398,0.4043178670962679,0.9538683907683487,0.16722217731721287,0.3402206512360713,34.46682992615732,1819.3470801282112
214.0,0.30312096891880236,-0.09828720427799642,0.30010924608747436,4.834595690273359,0.11779542140122147,0.2932698997654084,64.3468414669805,1849.2270916690343
215.0,0.22429430448952903,0.12226870794481459,0.25267007733468394,4.076134712166171,-0.05457981047281356,0.2916685955318761,13.614031929292578,1798.4942821313464
216.0,0.1567297530414857,0.03289273651293101,0.24022198868111438,4.960344784656463,0.045238464195617924,0.38146895736397035,61.836779078912706,1846.717029280966
217.0,0.346942284348685,-0.019550442136955337,0.30893464860393605,2.8188461736922825,0.08078506397871098,0.3082696571998432,10.666925946496317,1795.5471761485503
218.0,0.29201951732923576,0.08473455091455136,0.260043829867712,4.121852943016798,-0.01569305921900561,0.3299211035384284,8.334387317936837,1793.2146375199904
219.0,0.308769054195379,0.030860450947121844,0.41259608795889646,4.463931862589402,0.14639293044197982,0.2784301680950855,3.4796983733989046,1788.3599485754526
220.0,0.3012170416988411,-0.03870108820839169,0.23321344290844032,2.037915234683239,0.056210152980230355,0.28066540203148843,13.121042074516467,1798.0012922765702
221.0,0.1979528130667616,0.05053134788524308,0.31455488394303155,4.320383867367434,0.1550588137663934,0.4017577705182363,19.201725270677475,1804.081975472731
222.0,0.23734853610349735,0.19891572410952496,0.33245868850240173,0.8528306469919475,-0.0795103407408666,0.29383029315903386,12.749269283958379,1797.629519486012
223.0,0.2354671814356813,0.008556021202890207,0.23502011842654502,0.8114800080032742,0.11506027623302835,0.39934051667743886,59.25792750170467,1844.1381777037584
224.0,0.17943600312950245,0.005022921481172047,0.26051888565631753,2.385936019176216,0.07278997937037586,0.3898477779349004,42.017164369904414,1826.8974145719574
225.0,0.21230263593339976,0.053657981389435075,0.22457370680224997,1.6673481902560856,0.04516076658356419,0.3697937912327753,28.93034273139102,1813.8105929334445
226.0,0.15668836413471754,0.06715516823195036,0.24588348771044222,4.3887020695504315,0.02987744149137468,0.3814612271106647,7.920520113973222,1792.8007703160265
227.0,0.25560071518470234,0.17417049423920067,0.2285092810433081,4.520357561131233,-0.042739032023529466,0.31102908841947463,5.676442780078764,1790.5566929821327
228.0,0.301630999051421,-0.015104213106726628,0.3801059229181556,1.2380463350203108,0.08868051180159293,0.34302215692922383,10.617097887699286,1795.497348089753
229.0,0.22405674071312215,-0.012216193157325873,0.3525877321996791,1.685035521293758,0.028582385951208968,0.3336668900801181,10.9450322908419,1795.8252824928954
230.0,0.1554713713040236,-0.002468240348840434,0.3387751189576758,4.693503989323438,0.18480456235772086,0.4385503421347968,26.820078637270264,1811.7003288393237
231.0,0.18261855065380006,-0.0022581412647404877,0.30231753874812006,4.909600981261878,0.17123434023911122,0.4433893585073896,34.011375849590976,1818.8916260516444
232.0,0.17132413487720533,0.07596866954616477,0.23525617731782283,2.760725466841177,0.007727805755416917,0.43139935589036144,25.45000307719784,1810.330253279251
233.0,0.37374623853763433,0.007208817005237212,0.21300331324838523,0.9301201720198875,0.14105138837611772,0.3584814078892946,21.082187850839873,1805.9624380528937
234.0,0.2696610805093088,0.13380442763125433,0.24272781861308762,4.9881998020473155,-0.07205689044349847,0.2788110926254257,32.428037331957405,1817.3082875340112
235.0,0.3361984332277147,-0.04295650466631651,0.20622753777367686,1.0206792192422893,0.05502865945111877,0.192522195878662,28.481454902791565,1813.3617051048452
236.0,0.32535216131915606,0.06611298790018486,0.303624138065577,4.589770528964765,-0.0235991720770707,0.15176627154906833,14.927014196319545,1799.8072643983733
237.0,0.2840429571322162,0.06634066709735308,0.2515400681612445,4.376735864308405,-0.020604931844221543,0.2562262972135197,18.739720024276018,1803.6199702263298
238.0,0.2230127017213553,0.16011301710387263,0.24610832930745113,0.7394890077523086,-0.21370159052003868,0.3780676900463088,21.558666488195815,1806.4389166902497
239.0,0.19296192292200406,0.09621538196237962,0.3184504379744618,4.7983089877523195,0.16206148370659543,0.38401987815179484,33.07133852713684,1817.9515887291907
240.0,0.330755953539374,-0.016619468019460615,0.23373707439473318,4.8966865592877795,0.15869943405627573,0.21814896411570256,19.7031201318782,1804.583370333932
241.0,0.29718104704252407,-0.026893337980959477,0.20029498528670658,3.586158640658244,0.014111101222753497,0.15208759569230917,23.15641507288714,1808.0366652749406
242.0,0.19966098896007786,0.006173411958116226,0.438224394204523,1.186538186373925,0.07997658675157844,0.37980680852368914,2.373689149767026,1787.253939351821
243.0,0.3651589486220733,-0.016084023498320898,0.20195606076482792,4.7848344096162965,-0.06124855439334009,0.24969465704640859,45.97137150118327,1830.8516217032372
244.0,0.3214617562909886,0.10419852365783543,0.2501263867941537,2.140110132301727,-0.10630921143588173,0.32173067319853244,17.22552519269189,1802.1057753947457
245.0,0.20550848932653953,0.062371449218904834,0.21258778943474754,0.07517666004604662,-0.12431387215330365,0.30298114091678113,31.422475941231696,1816.302726143285
246.0,0.22401945682255606,0.0269932384365012,0.21628330344371788,1.1733263982159943,0.06885528634190292,0.3360934650448901,59.548117916889126,1844.4283681189427
247.0,0.2486652075988022,0.09511170088732582,0.21980486039210317,0.9516700620498324,-0.0001410641548384106,0.3790934762291892,56.65282742851663,1841.5330776305702
248.0,0.33514560242000635,0.1132243863253104,0.3770101680557472,3.818974448551921,-0.034943188038251985,0.33110395946924087,1.4283500911707172,1786.3086002932243
249.0,0.359665524508903,0.17039675925564196,0.21530721018525917,4.386188204920576,-0.09421503880097065,0.20219081013557483,11.61560129335289,1796.495851495407
250.0,0.18276908655291368,0.12002967307719936,0.20383889994551402,0.49872459805670155,0.08727049383365254,0.321995796037405,92.75563031658298,1877.635880518637
251.0,0.2131376019002577,-0.012728864923005534,0.26687441264660816,1.2097109657582032,0.10948376517573584,0.40786974682675337,54.62184025138563,1839.502090453439
252.0,0.2586575723340506,-0.03617508058889718,0.2741294588497344,0.8512920358101848,0.10001294432715407,0.3502989350521236,22.883807318043726,1807.7640575200971
253.0,0.07743914536731887,0.1590168825887429,0.2869443896096965,0.5729379903760978,0.12356458577651433,0.16671328563628995,804.5758079203724,2589.4560581224264
254.0,0.18262944834931005,0.019566718442485368,0.21423772555919812,0.6040194317320919,0.08579607373965181,0.43465376887920104,112.81541536934014,1897.695665571394
255.0,0.21682464817607702,0.19365534734562906,0.3457794844522279,0.6328278409299024,-0.10324912495030443,0.3234455520875012,16.645352227708177,1801.525602429762
256.0,0.22451085748581234,-0.020237550801635296,0.3640678049969524,4.735758799380314,0.1460260310469572,0.330316251773811,6.400468347748839,1791.2807185498023
257.0,0.32076316660588144,-0.0037547211699013013,0.25661060052922424,0.39519719074118165,-0.05690543988914548,0.34041978662466765,30.860320054606657,1815.7405702566602
258.0,0.32627629488131604,-0.07463283242386687,0.4133342623077617,3.7515752726945633,0.17630691629813475,0.3038907596958609,24.81238003561645,1809.69263023767
259.0,0.2616709931914494,0.107339630594385,0.2495268401831119,1.5381415294771767,-0.06171794640377835,0.31301549224092184,8.264874127379937,1793.1451243294337
260.0,0.2969420908001766,0.08249510004635097,0.20412345279466854,1.5463760170776781,-0.06250736226136078,0.199271612717302,38.778678476850374,1823.6589286789042
261.0,0.1955071378767857,-0.003963022307188613,0.2989409091224956,3.9548982232129957,0.09953550649482566,0.44941935743036104,20.888412340380555,1805.7686625424342
262.0,0.37950742347481864,0.0414679090001623,0.240515540305063,1.8429039923746409,0.13650784009576328,0.32707177242650737,6.546873900679203,1791.4271241027332
263.0,0.21723208918039016,0.13904530887203156,0.3010880378028849,4.102801466534165,-0.052785155125830575,0.3306569842895555,21.442123247218984,1806.3223734492728
264.0,0.26969283565272717,0.19940162696719965,0.29720370744936075,1.1703695011180104,-0.1211601216450108,0.4473047532357294,52.58633760125787,1837.4665878033118
265.0,0.37971596878177216,0.13394373817699232,0.20000780807996082,2.8922024357410594,-0.138507503279667,0.17197225748192135,76.11718845100792,1860.9974386530616
266.0,0.26177285248773174,0.019170843298041442,0.2171999801915731,4.902720341915148,0.07772090517875015,0.4379503070444495,15.266381724985532,1800.1466319270392
267.0,0.23958274789285514,0.1662841202467354,0.3263311846642523,2.139343458468278,-0.05274063714507604,0.44928577948130466,15.63093418755951,1800.5111843896134
268.0,0.2591306201698635,-0.09572407793500398,0.31980160460194307,4.100644641491806,0.13623863180435267,0.35882712255545884,52.80718692958668,1837.6874371316403
269.0,0.16180472558901066,0.19912165184048167,0.20308944490373398,4.909900380808824,0.12030412450700495,0.1707259416789072,25.741251089736533,1810.6215012917899
270.0,0.17360086491887602,0.0917160590903467,0.27340358345469407,4.946879292179631,0.1812126867444186,0.42313054354801233,44.64297532764201,1829.5232255296958
271.0,0.1915550172152874,0.04947821610074108,0.24678803126853904,0.09690845387058244,-0.1447200622778948,0.4134418555190357,38.612435362397214,1823.4926855644508
272.0,0.2513528741237936,0.16993784811134535,0.21785550732271847,4.878577468848593,0.039879793580089556,0.24768387913745848,48.34165544958946,1833.221905651643
273.0,0.33714842340160306,-0.12585529972852003,0.45812684762572803,0.7644282370566065,0.17915867991950504,0.27300443237897004,46.96099001510735,1831.8412402171612
274.0,0.22995631507019287,0.10772293763765245,0.21750555096131738,1.121569794129829,0.06690388839022474,0.3877680713666665,41.6816444660126,1826.5618946680665
275.0,0.34768234405868254,0.020088884760873737,0.2079292162398777,0.19446682502120582,-0.051189189372638305,0.43268545238311124,52.28075753037637,1837.1610077324297
276.0,0.2752085977063366,0.1485142211663309,0.3745176369886085,0.8882493399884503,-0.15714464723835403,0.289507347755394,12.345520142939815,1797.2257703449936
277.0,0.19855466421123677,0.09874871297207943,0.3089937168924126,3.4952624969826642,0.07108588494309309,0.38039868487640655,19.828247591692982,1804.7084977937463
278.0,0.2704436437747642,-0.006785406202720629,0.20689339778407184,4.921927760180944,0.0460272677160507,0.31755521957322186,60.16729830880568,1845.0475485108593
279.0,0.3488620390580414,-0.0005767714744888242,0.2687258216989232,2.473952991408291,0.13573607357897252,0.4412126510859258,35.70088478206235,1820.5811349841163
280.0,0.17796357959739292,0.10642929035367771,0.2264219055765314,3.0482254247087397,0.08512685501526632,0.44748442902724017,32.63488876663942,1817.5151389686932
281.0,0.17772506850729478,0.1100570432709807,0.22830127544743145,2.217309144598666,0.10712368641597819,0.3576900933211619,12.35985222163555,1797.240102423689
282.0,0.21208227679015346,-0.0008513658304561301,0.29376965051915627,4.1912597606096735,0.13128491112121507,0.1877104333278806,16.61762210193144,1801.497872303985
283.0,0.25785062145132587,0.1418668112731128,0.20124389853640468,4.092180588937763,0.02530024862168352,0.21788957650001511,31.561181542676348,1816.4414317447302
284.0,0.21209800956567462,0.06740450856476099,0.30175100059018845,4.529988448958265,0.03771223503938997,0.38594197497527544,29.532622724675115,1814.4128729267288
285.0,0.26621794245217784,0.16212501459880052,0.4522625695736179,2.9880991138399566,-0.06684648085898673,0.2882011942532122,18.639398977619116,1803.5196491796728
286.0,0.25072586413417663,0.07748829101076989,0.25916198945745417,0.8589388461508305,0.028152105170127853,0.34202109726941976,19.92890933752173,1804.8091595395754
287.0,0.3797161421990076,0.19952682458082552,0.2249658601680175,0.8746592478584332,0.14590988448315906,0.4034172343399096,17.402633316340562,1802.2828835183943
289.0,0.3208740281906118,0.035476485094274195,0.2938876600615207,0.733839477538317,-0.2471484358987771,0.30523541008116223,10.493994407720155,1795.3742446097738
290.0,0.28859637932122917,-0.17841885342376063,0.2907164351191839,0.37411007791029033,-0.24094074985535519,0.18626084250527344,130.954261395749,1915.834511597803
291.0,0.3250190156133904,-0.03321037087452299,0.24197694509639245,0.6065279166152373,0.0337829709848033,0.41947096516963095,12.936560876073166,1797.816811078127
292.0,0.1744903811320757,0.11212979226521297,0.22745682930165967,2.352779074721153,0.09367709743130455,0.2981094826917782,45.98102696892472,1830.8612771709782
293.0,0.3344151322553955,0.05503503499354645,0.21204014853771286,0.8320074439372931,0.12196900409780716,0.28187484678796043,21.115955448907798,1805.9962056509612
294.0,0.29948342618525653,0.13200844443786647,0.2870376362717743,3.7200620187485987,0.016110050165377567,0.3066720973937639,82.13898380923374,1867.0192340112874
295.0,0.33535793044751505,-0.004902534420064364,0.2772313960971242,1.7473855408602326,-0.004092965742997646,0.3165046703655683,32.53501905835999,1817.4152692604137
296.0,0.36363387093810107,-0.05574732432262513,0.3273934512292873,4.521759151040617,-0.02077811178482669,0.30521831919448117,27.04613078029203,1811.9263809823458
297.0,0.2910845550589332,0.14612108191943526,0.20827323563689365,4.835051437309364,-0.08425138713840932,0.23541446310148367,12.676816576184113,1797.5570667782379
298.0,0.2908790773637009,-0.04210255565881678,0.3335838811982867,2.1934190123249735,0.14704287898265322,0.29952806263089427,30.629461276111822,1815.509711478165
299.0,0.1747571832097028,0.13451238927275005,0.24212926802804968,3.5136068993113554,0.02072166290687836,0.43801820847724027,18.566894042006687,1803.4471442440604
300.0,0.33013557895963863,0.06122113469561601,0.28722926250774716,4.693449517056898,-0.03954870659820129,0.22792925623914834,0.8764917489377388,1785.7567419509915
301.0,0.17908091930656778,-0.005405857091931171,0.36462430901228093,4.954942105708069,0.397942305715095,0.4362366680683026,72.93992492869458,1857.820175130748
302.0,0.15766294828294763,-0.00613662343295336,0.350425245302843,4.936906811442693,0.10056772162823623,0.3282309947870065,26.81457750217612,1811.69482770423
303.0,0.34343082166064476,0.03385488879929693,0.24208662613455612,1.0179872295514891,0.10724235252236386,0.31061808270618413,2.4841058431747505,1787.3643560452285
304.0,0.15166185413788075,0.17605441821624832,0.24845360238430952,0.5731374013399652,-0.042408544745940975,0.1985754993798787,102.46243337426937,1887.342683576323
305.0,0.216672643504432,0.042604463518936965,0.27305295516762984,4.477779973446918,0.12798751633909441,0.40188068110411906,45.362247055488005,1830.2424972575416
306.0,0.31984375000866183,0.19752613808488198,0.32909632481255335,3.5739337694254183,-0.09839005393123657,0.3083129634537584,43.94647272428084,1828.8267229263347
307.0,0.35971545088212176,0.1992993293394544,0.45379726312820995,0.7595190893820125,-0.25732928944285804,0.43375045968446124,52.77368383761508,1837.6539340396691
308.0,0.268340633683161,0.11570242253394297,0.23968746402719826,1.1864951028971644,-0.0722361389925243,0.40273383088424686,13.0688590758089,1797.9491092778626
309.0,0.3785048197204712,0.08623628003335888,0.27336629863197087,4.940644180727995,0.12056546483401309,0.4408835414564442,13.461151642602498,1798.341401844656
310.0,0.302817886184911,-0.003788306334714742,0.27363568477851663,3.079954360245839,0.06713798842447237,0.18541151659636018,39.12273785393446,1824.0029880559882
311.0,0.22458551405010815,0.12904927676184097,0.22777421009262616,1.8841323192960866,0.042283543632548076,0.3268717285360179,33.50477451966372,1818.3850247217172
312.0,0.3526363397959177,0.19739074448717725,0.23883944952744263,0.9710960279971848,-0.26257145024226203,0.4130275924590536,27.815764460062397,1812.696014662116
313.0,0.22011182193613413,0.009992253392590201,0.26955073066782465,0.5022385292676157,0.09375851349587655,0.3294859198975673,21.055836722025848,1805.9360869240795
314.0,0.36931102363026547,0.18765206141985669,0.4164532701059942,1.0119454483171721,0.35895622059498494,0.4273301085536352,44.130300841424905,1829.0105510434787
315.0,0.2464879299777127,-0.044537542913761614,0.24022350189952818,4.8783321410235185,0.07452827027583103,0.4112601787038821,26.43303399661847,1811.3132841986721
316.0,0.3793533436122462,0.19881205105528707,0.24572889648778728,4.547484980400332,-0.10675091856278694,0.44840240882630333,76.13756158585822,1861.0178117879118
317.0,0.193309770264652,-0.014200478739238798,0.28085381481214466,4.548998257700818,0.11107367962367931,0.37491460880176597,27.71235061411992,1812.5926008161737
318.0,0.34037139805036215,0.055324839644366235,0.3159157766587485,4.803648788348278,0.07085610862960783,0.35790994461198045,71.10959264039015,1855.9898428424435
319.0,0.33073217379285486,0.09078730637235713,0.23489187270232592,1.009756082730305,0.16167379982986782,0.4277138299957679,57.43340994850442,1842.3136601505582
320.0,0.1909798963968157,-0.0070899893852880425,0.21496917273232552,2.9807490387312248,0.015084813963093602,0.4276417508349286,77.85464723424987,1862.7348974363033
321.0,0.15078412403785713,0.040178674848740006,0.2506131780328998,4.951375299696562,0.0027456304173801628,0.15058627141524464,24.394016372406863,1809.2742665744609
322.0,0.3783280713315496,-0.007458616435631349,0.3661780792869425,3.207651882117579,0.10680185759703793,0.2371517743343215,86.11226338246956,1870.9925135845235
323.0,0.21835529168038895,0.050433302996041145,0.22641173577486928,2.2317184563714583,0.06691732075439108,0.43517715235698445,27.185239490341434,1812.0654896923954
324.0,0.155783808284539,0.04164687079278533,0.28129458669293567,3.020024648276102,-0.04739810957185933,0.42208089112855374,81.65329140953274,1866.533541611586
325.0,0.29470228901408135,0.0806418173179664,0.284901567178336,4.9709886322750805,-0.036564326712223094,0.40846223321268055,17.470601052980175,1802.350851255034
326.0,0.29500739510843443,-0.0836469764901441,0.282866858382571,0.928975690061727,0.25102271524121555,0.4193558251834658,123.80534173636048,1908.685591938414
327.0,0.2841922471148863,-0.07446203484628176,0.30830839292298273,0.49429610054609174,0.14721120831361692,0.2645832670964026,63.245975763111694,1848.1262259651653
328.0,0.19779166217988986,0.020621562424932894,0.3201819897843639,4.989946669967143,0.253848588167726,0.4218939418749162,20.177787342665688,1805.0580375447194
329.0,0.28376119435985936,0.19910938529351455,0.2837979218277626,4.939165257840549,-0.09217198419796176,0.21515473843140093,20.953561987067328,1805.8338121891209
330.0,0.33061596657012854,0.19849891763750316,0.4233235853369879,3.47901910557785,-0.14103171140532078,0.1775466098580968,48.107570086277285,1832.9878202883312
331.0,0.3433404299226344,0.10534656704137846,0.20022497838933778,0.7319609565558385,-0.015318106427025135,0.2784773094172028,16.04338140130905,1800.923631603363
332.0,0.2194896677962889,0.028737908802358048,0.33300223702147314,2.6878863585441435,0.1403636174879755,0.34968113925145394,15.839017383064068,1800.7192675851177
333.0,0.15332159423497632,0.032028299559557376,0.23713128465542982,3.1340576694206748,0.03505361041397279,0.32544447281447164,60.856503015775836,1845.7367532178291
335.0,0.17695603751166514,0.1289425941973082,0.3389985929495126,4.181541077470388,0.017300689283376604,0.39927750408140583,12.690104894407796,1797.5703550964615
336.0,0.2022954446005613,0.03544902023180568,0.21437068878066912,4.8399655503388725,0.06758267912755773,0.3389921907145611,67.99950727248306,1852.879757474537
337.0,0.28835323840403004,0.19658663614887836,0.3200132987481046,4.089499502489295,-0.14794416203619773,0.15270269187444716,12.816983493749397,1797.6972336958033
338.0,0.37573580240246757,-0.10781695646976747,0.34186507706709307,3.65084513051775,0.26668161067564533,0.2770957607494373,7.758468466389261,1792.638718668443
339.0,0.23724162764417905,0.19931267394046978,0.3226599156227685,1.2144295212054659,-0.06165693481831496,0.15706455468612163,25.39205215697884,1810.272302359033
340.0,0.2785423280834953,0.010598147408316373,0.200345020177973,1.3901026280582527,0.0428109923948492,0.26697209263581745,17.431406029041423,1802.311656231095
341.0,0.1771095076761433,0.052804082067451845,0.29864835849983307,2.342684019687699,0.07278038266323854,0.43062088016533695,12.163292408160379,1797.043542610214
342.0,0.18472721445016127,0.0035787971818762813,0.2604707989979491,0.8835516289505776,0.17461753390341272,0.4291848306499142,41.000016700340154,1825.880266902394
343.0,0.2627050758715314,0.054611363441142126,0.20139789849680784,1.8618902351387985,-0.031387465860103304,0.21266521696227533,30.79547990369361,1815.675730105747
344.0,0.22340456593737823,-0.08114859596341657,0.30224907352922725,4.583651886244564,0.14771239255542296,0.3878808203948939,91.22256816410999,1876.1028183661635
345.0,0.2285835870018218,0.1430949034090195,0.20070743809423403,1.2405132841900888,0.06382300523731814,0.4163468689242212,38.8484134259093,1823.7286636279632
346.0,0.37959078579359395,-0.05447364069183794,0.3941009349621952,2.277657515498943,0.17217223200276843,0.44271577796015615,6.1045017065092795,1790.984751908563
347.0,0.3015523926340312,0.05948359940044377,0.2048264961395973,4.821016796497089,0.0678577926200382,0.21852544463302429,32.23552471501783,1817.1157749170718
348.0,0.258275575910733,0.19877120927720374,0.20187608449799105,4.960940196085987,-0.08496708125917221,0.25761913171420436,26.213010687580528,1811.0932608896342
349.0,0.30873595615678384,0.027084658861414646,0.2176882666210127,4.29909535212388,0.07994553935502254,0.17429536904563375,23.63916690710197,1808.5194171091557
350.0,0.2638334561519963,0.059658664969932884,0.20369443160686246,2.1016616923444005,0.010401769802206307,0.2819286244063034,51.00059672085996,1835.8808469229136
351.0,0.3795025617061758,-0.07391161892720276,0.25907545111056396,0.8850885023254136,0.16444734780236053,0.3192296606790513,14.97809438434911,1799.8583445864026
352.0,0.37739510251292047,-0.05124079522829459,0.3230357321849499,4.548039180862316,0.14260798823806536,0.17058125752154987,24.596713906187603,1809.4769641082416
353.0,0.15069107588241148,0.1550613100429058,0.2853956519798796,0.7156656538076331,-0.07621389827221933,0.39203507235956003,22.03004778161346,1806.910297983667
354.0,0.25400266645046526,0.012956533892477662,0.220971461092975,4.666674101105242,0.08623067725714142,0.4072865359313734,19.296073580548537,1804.1763237826024
356.0,0.3006853153188058,0.04997485781698732,0.3676669303889588,4.453422674328343,0.08417606340549,0.23574089871494053,9.339041623881421,1794.2192918259352
357.0,0.21155844565797075,0.13665157601957476,0.3064198346911635,2.643199956043387,-0.03615511103525515,0.2957149230381414,40.04474920765959,1824.9249994097133
358.0,0.2514175778183019,0.18943216779709202,0.30215326310933643,2.14796231107801,-0.15616537999289234,0.3338229085005153,26.260435569537695,1811.1406857715908
359.0,0.27150608354695277,-0.1306141294658341,0.4443676357139956,0.5494256991605173,0.20812763694580935,0.2813745280255167,23.51272556439935,1808.392975766453
360.0,0.31572577954238934,-0.04949374265690912,0.2867828382922837,0.48140999890021785,0.11882446574460284,0.2049083073660901,8.682435257370877,1793.5626854594248
361.0,0.37998685704163354,0.07872673104162593,0.3017552626812925,1.3154138779111708,-0.01503197613395404,0.18089496893948573,21.61668114545947,1806.496931347513
362.0,0.3796977466023417,0.1964819583379007,0.2001045985822042,4.888908056802065,-0.08256679568617034,0.26239168078509867,75.49839069435433,1860.3786408964083
363.0,0.27188934173050516,-0.01317488489109464,0.20149062809839485,4.851336921720215,0.09396033369919748,0.28069571136691357,54.512737112029896,1839.3929873140835
364.0,0.27694045206865026,0.1983746171428541,0.4051597345333355,3.5271677093652807,-0.00011159788905370505,0.327966806216765,35.34192209084359,1820.2221722928975
366.0,0.2829160761218602,0.1897287540180444,0.22094522160212282,3.9550745002315177,-0.0322151239418524,0.29156226888725345,48.081286044639484,1832.9615362466932
367.0,0.17679806654745772,0.06683894865224103,0.2114889543832289,3.2916614239244786,0.03200120559127608,0.3511677322039958,47.11207105860024,1831.9923212606536
368.0,0.28188466265931433,-0.03386385262695677,0.26305108666133226,0.8189887849224402,0.1065959594775337,0.3114396936312569,63.89565275180118,1848.7759029538547
369.0,0.2624709808181364,0.13873664237433472,0.21622765395017374,3.974649659771818,0.02019060099953327,0.15464169717321213,26.66362751465725,1811.5438777167112
370.0,0.15308260193550016,0.15579886912812801,0.2566952213008924,0.6396072596908178,-0.14804835458239932,0.39559203602434395,32.88212151474528,1817.762371716799
371.0,0.3786127199660879,0.19477105080277704,0.2000754203541577,4.161802628043524,-0.06899328185472102,0.40453321242258344,34.31404203145403,1819.1942922335077
372.0,0.28825800342249064,0.012480713106511044,0.21307825518161344,4.395924894659504,0.08000160382902247,0.31038281410228663,47.65099183660596,1832.5312420386595
373.0,0.19992272579621878,0.02140939196838101,0.28651116591200987,0.7519003424205579,0.05955793737540756,0.43803096973422173,4.307088031387833,1789.187338233441
374.0,0.08527472625647484,0.14311017470040993,0.7422273101615164,2.0151383146047133,-0.39063756635227925,0.17815158107342433,244.20573049893108,2029.0859807009851
375.0,0.3038994075235064,-0.03942219145606068,0.3637761147175195,0.9615489674778595,0.07360495980864244,0.4111642054207515,23.693805176915596,1808.5740553789694
376.0,0.285690585097347,-0.016452708151648145,0.3874272829928278,4.189496232028015,0.12700371140703126,0.37116317466304155,18.007074365761984,1802.8873245678158
377.0,0.29137318504952725,0.011012316352555552,0.31527353410968995,2.841132895734433,0.10812101645600336,0.1847516569584881,26.887486305152432,1811.7677365072063
378.0,0.32409700597315577,0.1264833734119744,0.381351574486177,4.678035918273396,-0.09283661170278851,0.1993200290436657,27.16509145663413,1812.0453416586877
379.0,0.30791177722830926,-0.005716022031557234,0.20725604453945,4.540692286114909,0.07255700129017413,0.17263599055818937,42.135477651994776,1827.0157278540485
380.0,0.2706515271200558,0.1524254556141506,0.20003254564782258,4.6606399489184085,-0.04197743888623363,0.1732537640435714,105.3408075770549,1890.2210577791086
381.0,0.20003495613032196,0.16271258532457666,0.37522265096019414,4.029251325117451,-0.07419329374165483,0.3110323246016251,33.84393141008483,1818.7241816121389
382.0,0.20115164724987636,0.008853809270778125,0.457977722728488,1.8944587506962296,-0.00824534610412928,0.32936154274549173,11.99809234378641,1796.87834254584
383.0,0.15734091165984776,-0.015937348935014996,0.4191503909536092,4.394726467059918,0.07790691890922688,0.3381658658243805,14.53782985641661,1799.4180800584702
384.0,0.3000247892500928,0.013417496916430594,0.4041179857220704,3.1679978052561233,0.12966076135611537,0.3711928732333579,6.441779528720339,1791.3220297307741
385.0,0.258987288581453,0.023155443448183634,0.20065466147540578,4.957726318636173,0.1126574962093912,0.3199221825374189,36.723770815101005,1821.6040210171543
386.0,0.27658594570681866,-0.059790061422782904,0.20303269690711967,0.7275657415402488,0.224668958767003,0.39978485561049254,69.1250603078907,1854.0053105099441
387.0,0.24575246221158267,0.06017627054700894,0.22319426292864497,0.828800905513142,-0.049354819732791017,0.3417644913709698,10.281371413477153,1795.1616216155305
388.0,0.18672520761524053,-0.0011162402487039148,0.24030879005417044,2.56652639500701,0.03576689408360467,0.32413728135382325,39.11715600684532,1823.9974062088986
389.0,0.35132596018463125,-0.0347335663552285,0.20209789113320953,4.194543125679874,-0.08616058224123369,0.15370481117057325,149.65721829535497,1934.5374684974086
390.0,0.2661135969017494,0.1735457498249644,0.26678082316925716,4.725088272435049,-0.1437238958508035,0.2161030993128418,13.401769899357152,1798.2820201014108
391.0,0.34506001726487145,-0.06031001283252209,0.23220298058514555,0.714844542077943,0.19161437871849918,0.3381425374911594,46.675437322276395,1831.5556875243303
392.0,0.20638540112567216,-0.06557836565037624,0.2758570965725859,0.5478168458802479,0.08082515293565687,0.3132507863506938,19.741402565232036,1804.621652767286
393.0,0.26527614704050273,0.19976521939128855,0.2723961460079126,4.93382834183484,-0.12065410601621243,0.4050276550649709,66.93995952705008,1851.820209729104
394.0,0.25257688786667554,0.027586232755992902,0.20025028161583897,4.937534311498634,-0.03260732026598445,0.4412809365660775,37.6814563824226,1822.5617065844758
395.0,0.24464891809044176,0.07299948991174632,0.36228305035334085,1.8863335610735423,-0.02320530352489163,0.3478796104796651,51.467043742893324,1836.347293944947
396.0,0.1769970051875922,0.08473635186716874,0.35860619176725417,3.578158248638799,-0.013897964672933078,0.33181960851412506,13.549722669046773,1798.4299728711007
397.0,0.27464712007263714,0.07286020188285014,0.42091438192096914,2.2915949752154083,-0.004453308077167906,0.25488007800915446,28.261411297488593,1813.1416614995424
398.0,0.26645188781273205,0.1438568482507038,0.2412503043505254,2.435869147995015,-0.0506623977870817,0.2458299800117295,18.931343902599565,1803.8115941046533
400.0,0.28099627305191577,0.12316896701068676,0.23709564870416494,3.4286855834028405,0.011332135017703493,0.16052354245936729,22.368217659883467,1807.2484678619373
401.0,0.22517229546255357,0.06585094867487676,0.3372273375663451,4.978918009867549,0.22808950812132667,0.40108438292347925,23.474839109791986,1808.3550893118459
402.0,0.1957063212981506,0.017553330610957565,0.32099350337749777,3.36358739664099,0.13203720234874164,0.3920020236934968,11.795428861815394,1796.675679063869
403.0,0.2522940533555802,0.014420523778564665,0.4302027418865554,1.8310741423367904,0.03925520285022408,0.40911711867402817,7.498120951460265,1792.3783711535139
404.0,0.3150984991121176,0.07311769407279214,0.20012083906465045,4.820519814279281,-0.06919337374232448,0.16587196968770812,54.60326098493546,1839.483511186989
406.0,0.3278759133548876,0.12129341179580329,0.22288443005546488,0.9036263504897049,0.1582041201481907,0.41928381340753895,27.68909396396287,1812.5693441660167
407.0,0.20505349119086233,0.13724388209317692,0.317080931658267,4.579282114005506,0.05006421632812739,0.4470470368578741,25.777783370971367,1810.6580335730248
408.0,0.3750198392213223,0.15532523951200458,0.433624604078121,4.8931456858499525,-0.058496774023379584,0.2283537127081103,26.54590775291542,1811.426157954969
409.0,0.37144497726362513,0.18947328420720325,0.2029679059045894,4.454323081645814,-0.009869029463422496,0.19382592395464388,36.46492520020797,1821.3451754022615
410.0,0.28184047618711194,0.06795677141566032,0.255431064518872,4.987588067722694,-0.02555087461458343,0.4144480344040259,16.687211134564045,1801.567461336618
411.0,0.18296764668063775,0.05850408414245174,0.22544585603666167,2.430887723358281,0.056487575803603286,0.2815394010696687,16.095949764577934,1800.9761999666314
412.0,0.30932950580731394,0.13198892988640118,0.2055188090165913,1.1514230619573163,-0.09379721436467454,0.44486872525877363,71.73236801282178,1856.6126182148757
413.0,0.17953843653694554,0.16438939602528,0.3239752253723965,0.7434168266354702,-0.027221794939295975,0.37082786949062563,64.52824642665479,1849.4084966287085
414.0,0.3533738221391421,-0.009830495821457298,0.20128723301752582,1.0255311655947763,0.09033993646042929,0.25577393222835443,9.157127547446569,1794.0373777495004
415.0,0.3295372619415815,0.06425690078559225,0.3661755458118521,2.8073979740818986,0.039678559393623664,0.4488499327464792,5.918698537441943,1790.7989487394955
416.0,0.17981505933854458,0.048312977273921254,0.24326323100420438,3.5440281625442864,-0.030822430563263614,0.3452317008087079,52.33285463609199,1837.2131048381455
417.0,0.3551030683088343,-0.12503063676561826,0.20525799378184012,0.2935980153185267,-0.026195881036146007,0.15041950395948187,240.52822813067058,2025.4084783327244
418.0,0.33375516721667664,0.004684792596829546,0.21518561476984166,0.25761519168150215,-0.03134972985202542,0.449037810057881,33.24042876418085,1818.1206789662347
419.0,0.3785979575013815,-0.0859480256149706,0.21456615812844082,0.8750758943130943,0.02378644697325898,0.19967999800347513,135.2874181808312,1920.1676683828848
420.0,0.18674533089322676,0.03423796666340056,0.2742442259112185,4.28828975014663,0.052380062362606505,0.40371746547245113,20.87183930455882,1805.752089506612
421.0,0.26109565214707353,0.18561909579863795,0.31565162305545247,3.968588063896286,-0.19164056000344015,0.22893888099123932,53.51751871850515,1838.397768920559
422.0,0.3596105376943939,0.06651516853591213,0.36393556459150894,3.396513688417005,-0.012720199433780888,0.2845664118548667,34.95898025065014,1819.839230452704
423.0,0.2635943186632083,-0.025366588933665637,0.20665803753863066,1.3044587180575906,0.028023825929527037,0.3978938057268256,47.743464840816344,1832.62371504287
424.0,0.3236962887165439,0.1989491696355572,0.20760874498930681,4.763479069572084,-0.10251055374456462,0.3613675615127627,25.25235541956605,1810.1326056216196
425.0,0.2648562359413724,-0.016876127121390323,0.23210419639153612,3.275247882886772,-0.024381533781783992,0.37351403821088647,39.88482034869534,1824.7650705507492
426.0,0.17070626010910486,0.02100073787002628,0.2670362608489585,4.609038228649152,0.03850917767702962,0.42075642894804727,25.446649291335437,1810.3268994933887
427.0,0.28327163634755104,-0.046526372335741376,0.20283970354253625,4.393971005461704,0.004795888207119382,0.3262821977936901,34.879333283186035,1819.7595834852395
428.0,0.27854914289291555,0.11203459088152692,0.20023290762946605,3.92176277797921,0.032544862614036864,0.340662696934949,73.96800411850316,1858.848254320557
429.0,0.1279527472558903,0.031814532076996596,0.2616764367306046,1.5271367153173134,0.03966244754727475,0.4231104368394407,42.35706941857215,1827.2373196206256
430.0,0.1910106362775612,0.07525664728291606,0.2310146676355161,0.8216631611398346,0.149599696326103,0.4067867761217443,11.855900599813133,1796.736150801867
431.0,0.2029830164783085,0.17205292985388965,0.26000089993413367,0.5786662303178558,0.01730625671046946,0.40379168347793587,36.60847585818852,1821.488726060242
432.0,0.29356443869147364,0.07486167750621386,0.2000742698255285,0.6782833386476661,0.051685771451699926,0.18213364443535413,127.14959068227041,1912.0298408843246
433.0,0.34606566501798114,0.1481619733618693,0.2912758394031668,0.7229625901660324,0.09696189727742183,0.3527078269133035,34.58767863448881,1819.4679288365426
434.0,0.3503787043255646,-0.0484814033678235,0.23481963004778117,4.206111959515898,0.12743464262854118,0.2833092039793507,7.025595123427797,1791.9058453254816
435.0,0.37940612404567425,-0.027706051056826886,0.39789002344347185,0.25932386932874785,-0.09214395183525209,0.23436312011432792,28.27337449683507,1813.153624698889
436.0,0.21081225012117039,0.19736415225793183,0.27529792552133225,4.456687401082982,0.010463530164960488,0.4429285737171996,43.607923902054765,1828.4881741041086
437.0,0.31827020519563726,-0.06756332782177302,0.32887250965433756,4.554199340071741,0.18888113547759647,0.39722561304345183,23.794720954304882,1808.6749711563584
438.0,0.36723748457191574,-0.042569741885172846,0.3617945472203925,2.8310834065185455,0.04097190485312439,0.15853781974152623,10.480368104700448,1795.3606183067545
439.0,0.31896876730105655,-0.011321469970004428,0.23949016829889158,4.875454853305796,0.04048323392503388,0.34319444172839775,7.715096658216646,1792.5953468602706
440.0,0.321042225897502,-0.13612222157445727,0.35050201558563016,0.7402716718504706,0.07066701459666538,0.16364166839865077,36.32807794016761,1821.2083281422213
441.0,0.18552602276039493,0.03660227620534151,0.20247981660701236,0.542314117243603,0.043126742849336534,0.3488278678382026,105.30342495157954,1890.183675153633
442.0,0.27015743865327957,0.01924696417991023,0.20693548332000522,4.9852348886308295,0.13674511424446464,0.26424123783876213,104.69729577581131,1889.577545977865
443.0,0.2976385140778518,0.06356946636149848,0.36035506377400994,4.602445361969849,-0.09710728197719015,0.2710914208146722,12.651926405817193,1797.532176607871
444.0,0.15406618378843517,0.1835448266524835,0.34075562051470387,4.994058380006001,0.1230054601603265,0.43882678561445526,11.31942855703704,1796.1996787590906
445.0,0.2990952677486898,0.19143546933488295,0.454780558956258,0.7586868740021095,-0.053889672240819794,0.19636092055792886,3.848855876943896,1788.7291060789976
446.0,0.15237935605108882,0.010349874110266067,0.22333550905699878,4.77193569563774,0.059863200999271185,0.40448501016315436,95.2780926213624,1880.1583428234155
447.0,0.2881561499733929,-0.02687426398857347,0.29236433075742885,1.8263991610009724,0.09242002638567914,0.4422958505064085,14.01959471891852,1798.899844920972
448.0,0.2446038368639772,0.044241486538402874,0.3609383879700555,4.329790918278859,-0.03634436386477975,0.3280544132157585,6.455369818750482,1791.3356200208043
449.0,0.19742712767586687,0.07581822100882972,0.274412104248739,4.871126780500752,0.13992537245217634,0.2822819778598179,42.893887156470136,1827.7741373585238
450.0,0.1906584517805733,0.0593262748221914,0.2638466394177447,4.954217976641538,0.04646327971166038,0.34767067234631627,7.586129604514221,1792.4663798065674
451.0,0.1635179101115431,0.047831097166409944,0.33764643933670835,1.3167848300610527,0.07896202832383753,0.44169609038711033,30.2805293079172,1815.1607795099708
452.0,0.2186430195734455,0.049489122887229044,0.20580654149481026,0.8515991816607824,0.1330333580727042,0.44512226663619925,29.047110041862584,1813.9273602439162
453.0,0.2149636104698544,0.045503697201160924,0.2551636403713198,4.174792720493989,0.05102421739420304,0.36887033061477714,24.67952214252367,1809.5597723445771
455.0,0.379593580325573,0.19956219598807096,0.20004905374263499,0.639724974292863,0.08561163605826312,0.26792898102693086,69.75669617590667,1854.6369463779606
456.0,0.13204934736411097,0.13015584388482276,0.23782121155810493,3.502023547220352,0.08462639680357383,0.41893271412914534,18.294832343056708,1803.17508254511
457.0,0.3339378300411,-0.018872445223514746,0.2744610026957375,4.40665677690359,0.23181168603214425,0.15393001400776124,69.179934901153,1854.0601851032068
458.0,0.3501506867599773,0.10566444318016904,0.2351949498444339,2.31778672432842,-0.036961470708447575,0.15329853974242222,41.431420071105144,1826.3116702731588
459.0,0.2459402281887615,0.17849209842643013,0.2907890798202931,3.814268146251913,0.021428740925977782,0.3249619112451646,63.39740173345895,1848.2776519355127
460.0,0.2737848510019076,0.15710660050492195,0.24023786647159595,3.4905314295007726,-0.01452976914248807,0.2853592192647218,25.84212945710189,1810.7223796591554
461.0,0.28534129563098465,0.1322636028531082,0.20208570802827375,1.646028927515847,-0.0024671053124937893,0.21148959810810825,43.84920383265394,1828.7294540347077
462.0,0.21369743374284053,0.17110537948270627,0.26194502441802714,3.8203009256623517,-0.032922259288153115,0.4118084734927019,11.074728610736514,1795.9549788127902
463.0,0.2717429495500124,0.13705663119934175,0.2000456182353259,0.6953047214037898,0.025050870919876046,0.2716252868541229,71.01918609480964,1855.8994362968633
464.0,0.25496103140229254,-0.06322153268327135,0.28971282442188906,4.163419812903062,0.18588117448439861,0.39534605482771534,36.43414919472799,1821.3143993967817
465.0,0.23755682113073942,0.04953739943449316,0.2141853501309008,0.7792841468929386,0.13323361716915666,0.33716914985371943,55.18724973105907,1840.067499933113
466.0,0.2176995278902182,0.1964639649271832,0.3740804310496127,2.873503491363799,0.009635595450399315,0.29582096283683235,9.896571251179504,1794.7768214532332
467.0,0.21852092207306006,0.04490263121390799,0.2008900618391113,4.618610584724413,0.029637015195281436,0.42820064835206934,38.50499133706207,1823.3852415391154
468.0,0.2804784798437748,0.13290485824492435,0.2292134732898493,0.7062914117492272,0.028841092562743854,0.3367452802996237,12.000001247948468,1796.880251450002
469.0,0.3775419331375194,-0.17566578004322347,0.43999822105514697,4.843404091996604,0.3026297794472482,0.25825248168217974,36.887393342022975,1821.7676435440765
470.0,0.3381211732945969,0.1970661170945488,0.3252742630769,4.8699400978225365,-0.0941680991682683,0.2303735088309009,11.595480632859923,1796.4757308349135
471.0,0.374428284157561,-0.10749901710409662,0.30535901776247654,0.761457323812109,0.09521416286429069,0.19752372944493454,4.006680200701232,1788.8869304027548
472.0,0.2893478923456871,0.007388411996863509,0.23055073996415293,0.5035340738973613,0.005020292859546239,0.34952571294023677,28.420470182752847,1813.3007203848065
473.0,0.1534389578395341,0.03255008371186983,0.23848522988041532,4.676896619238617,0.05031787542660302,0.40629761202578724,32.453208792119725,1817.333458994173
474.0,0.2377961743449044,-0.06902961417303825,0.3921555221652629,1.0667732006369923,0.14671609541293337,0.3898892539470688,22.37171855820712,1807.2519687602608
475.0,0.25781600584268277,0.01373861127716558,0.20830276090542932,1.5256759749462234,0.045790706021963425,0.26853712427399185,45.19745183548048,1830.077702037534
476.0,0.22564985188907252,0.04051571809530361,0.2369288544101229,4.829253454881339,0.1260845367076267,0.3202200289049201,27.84949828211779,1812.7297484841715
477.0,0.1912059134864705,-0.01417257207788516,0.2770715903191331,4.433014339445451,0.11454524978396155,0.4146805071045624,26.677867954404462,1811.558118156458
478.0,0.20475010520508827,0.07358556347897216,0.22121451482972165,1.114099311196785,0.051036334545795196,0.378197293885181,13.20445330581944,1798.084703507873
479.0,0.3596456162771341,-0.09237279556766234,0.28544452129777553,2.085815974967702,0.12898426153880882,0.3036587969275142,19.39013344455017,1804.270383646604
480.0,0.28221241632006533,0.012422597478148223,0.38213225913415694,3.948463053744998,0.17200643670102336,0.4118093485355263,17.90056363692937,1802.7808138389832
481.0,0.15709814635337083,0.017559528357260667,0.39823511248375854,4.959141850801222,0.25393164343267277,0.36171925277015493,5.857494477041617,1790.7377446790952
482.0,0.2703952365605774,0.04235184791051064,0.4191369166763294,4.964152227311297,0.356837459071747,0.36638192078116305,19.97933553227528,1804.859585734329
483.0,0.2830357206305494,0.06058947353140085,0.2740358616235143,4.433061873955185,-0.09327697703698608,0.24495489478651275,6.643845348476817,1791.5240955505308
484.0,0.3100601673463198,-0.005348825879665276,0.4585057139568722,2.686109050278267,0.08010980342961914,0.2778121572735851,30.439398111124433,1815.3196483131783
485.0,0.30693028918442467,-0.06269996558370905,0.3438697878028353,4.911020706689481,0.2335141899363607,0.23280363012695882,69.3255016268825,1854.2057518289364
486.0,0.2722700343037829,-0.04281849686878206,0.3356425408096812,0.9035423934521345,0.2303657910096365,0.4125474027621533,5.997635254449801,1790.8778854565035
487.0,0.3784865753574796,-0.008446985808500585,0.34137688968422547,4.312978920512148,0.14220708505988242,0.18418977023129846,16.107442853523768,1800.9876930555774
488.0,0.26378375206625904,-0.034965889324508774,0.3247187266603566,0.7675315793650097,0.2395169008405138,0.4004025193954563,10.838883351522554,1795.7191335535763
489.0,0.19473183198066263,0.05528823683718427,0.37090557422897463,1.9776102105030304,0.028888194563045123,0.2906402554260649,22.050168468497066,1806.9304186705506
490.0,0.2579610299178236,-0.015537170049796479,0.219882865480153,4.135639175165354,-0.009110178485425833,0.23628420352026502,78.64536936799907,1863.5256195700526
491.0,0.27331613244590774,0.06557065583054777,0.21320193918102387,1.1029060733014362,0.20132423210410597,0.4052691117042522,20.573565497550586,1805.453815699604
492.0,0.23838113547386686,0.10150394083797348,0.22244508413459607,1.1231075563112227,0.01278830600495935,0.36152393308027686,15.51315419589659,1800.3934043979502
493.0,0.37337970564183576,-0.10233223309220918,0.2696327783500203,4.842997044427637,0.19706757523904692,0.19182321308089056,29.754658729362717,1814.6349089314162
494.0,0.3019649220344577,0.000632423781177005,0.21581902409966203,1.0434581675161885,0.09802823809482525,0.295796639264436,28.129343087086554,1813.0095932891404
495.0,0.2990056459690792,0.0881208558347601,0.496642718893751,2.989804941987643,0.0009168883095833635,0.2123506354201673,31.239845456290922,1816.1200956583448
496.0,0.2366728287001188,0.03545186466878319,0.2265050019730086,4.916982867433383,0.10732568202250894,0.29093395375327696,19.81393100652177,1804.6941812085754
497.0,0.3790563679383364,-0.042434679595240235,0.29010051164280426,0.8580130177447605,0.17011449055370786,0.3009479696854289,37.255122029506275,1822.13537223156
498.0,0.1528975693948578,0.07035973008958983,0.4456844330719358,0.4811522848579872,-0.39974039354034185,0.41320446367641617,4.465551126120539,1789.3458013281743
499.0,0.20663867766685767,0.01970129176610067,0.20619646073513503,2.4577319579411636,0.00565415677631672,0.27842618844930905,24.493658379188886,1809.3739085812424
500.0,0.36754103391758025,0.11289832527932107,0.2001413978242793,3.4377159680255245,-0.06815024188735226,0.23963728167219495,38.34894953961683,1823.2291997416708
501.0,0.25587648597861995,0.007046153548311018,0.21513275295633533,2.142889661598879,0.03546756041283725,0.2923379611668385,45.789010868488724,1830.6692610705422
503.0,0.37970925850168846,0.09936002742381818,0.3474241380545352,2.836770151614585,0.00024861150352606387,0.17367965008519778,8.586237562089485,1793.4664877641433
504.0,0.20953685071093076,0.06286914234141135,0.21677674712735728,4.951302440454757,0.07945444122802102,0.24560908416033844,41.3474753821696,1826.227725584223
505.0,0.3077298567293106,-0.0036731747222445324,0.21487308573709268,4.804202422951319,-0.0699055949072875,0.27267087174150806,38.59833969820162,1823.4785899002547
506.0,0.332535758986116,-0.07893797012692523,0.3690429274477671,4.981770005808752,0.32536239082131485,0.32962274826520677,9.385950095374199,1794.2662002974278
507.0,0.2603147895190271,0.013818716014129429,0.21152596907045196,1.942425248395379,0.05074717871442483,0.3543261182354825,47.94993783856627,1832.83018804062
508.0,0.2344165531494456,0.19893802101517416,0.24628916799425382,0.7387665653619695,0.19671241909498116,0.39192409051764154,6.816603261072687,1791.6968534631262
509.0,0.3796056704226649,-0.12523707481668686,0.37178865002803657,0.9006615662965332,0.22401012957801916,0.31231623247371076,47.07925482792181,1831.9595050299756
510.0,0.2682582153862835,0.06285766502543604,0.23191860331849873,3.603357529938596,-0.01257202050753583,0.26277175607952324,10.547553318768873,1795.4278035208224
511.0,0.18202048537763588,-0.01862341348975525,0.2521588372798036,0.9160631238316503,0.004640825295902928,0.409883288940145,52.78625592621009,1837.6665061282636
512.0,0.21853250810417987,0.1251876548426025,0.25034525256261275,0.5964254662233717,-0.14909523122098559,0.30714333447934916,11.521560334153095,1796.4018105362068
513.0,0.30213320553244066,-0.0412278855862301,0.23926366800688065,4.857426164326847,0.1139101957343197,0.4212769118803175,42.10852993367731,1826.9887801357313
514.0,0.2987096783043168,0.10216185108609555,0.20005729687206558,4.687655175969274,0.0722608215254799,0.2493078261041194,46.12291252968229,1831.0031627317362
515.0,0.17430127550775965,0.06843141860226894,0.38574730790524425,2.778036292062907,-0.0613262571552419,0.43922658382856317,18.6033009842805,1803.4835511863341
516.0,0.28856174474953045,0.09389775080634905,0.2002340802842244,2.288377521914189,-0.07568207136574179,0.4002320494812137,73.91590069218603,1858.7961508942392
517.0,0.18873341238433317,0.059168233733709524,0.27879976987175337,4.433773043934991,0.09596413687072634,0.41207390117709863,46.75817130846694,1831.6384215105206
518.0,0.1945870582137179,0.10870027511648894,0.34675944297078676,0.9542726741241387,0.16629055529684172,0.44977107623834645,4.531566094891903,1789.4118162969455
519.0,0.3188395905871357,-0.05113783369169711,0.24273492305039074,1.3109083740919887,0.05320789921188869,0.32890202530044305,10.29920372268974,1795.1794539247433
520.0,0.1748383030141022,0.059956065860984786,0.2559375953478997,1.1959956180985825,0.08058301933801237,0.39344297637514136,29.606864292930705,1814.4871144949843
521.0,0.18948225160867457,0.12801171619831475,0.23038913982742076,3.639319181233538,-0.021304222094812576,0.3461620963649562,50.21536507712826,1835.095615279182
522.0,0.3049185988349322,0.013243509731598291,0.20129290335470967,4.122748336769423,-0.01687140827811744,0.3549202416627699,49.66046299051989,1834.5407131925735
523.0,0.22775854755102992,0.027134996793374944,0.36623731293424205,0.7472705201740106,0.02234627189711489,0.30422995387742086,34.498647776502,1819.3788979785559
524.0,0.2564729843266686,0.1270946279388109,0.24292188772840745,0.7196169128074281,-0.12092541774197901,0.4393845969107949,32.70772828692809,1817.587978488982
525.0,0.37591981830077537,0.008242532378801038,0.40218531684099323,4.538137727252929,0.13379566816509386,0.220521088646755,20.540558152254242,1805.4208083543083
526.0,0.22966148584271837,0.033515293470941024,0.3114186683142842,4.9456366252168795,0.1404866532777713,0.3649668346328784,3.321462071576429,1788.20171227363
527.0,0.2426660316752304,0.08425457748548237,0.22087575011063393,3.92628102583668,0.07052258789349057,0.3869033123136589,33.16541716411892,1818.0456673661727
528.0,0.24582550223996347,0.0808701260899809,0.206121003734889,4.336621759361896,0.024864418715415493,0.24352513750033106,32.241664623157774,1817.1219148252114
529.0,0.2360408262568586,0.11833974930423947,0.2629124122084622,1.8223032455712211,-0.024823255058441653,0.3851633901189246,9.97738008833089,1794.8576302903846
530.0,0.24249046088507142,0.11565087140251427,0.2559452956775752,4.9787884100879385,0.09606869637323126,0.42956646928376474,32.71198726495439,1817.592237467008
531.0,0.16213046360138167,0.1461958907136304,0.264991722678437,4.303179076455102,-0.010583958084111212,0.3911558397936632,64.6328189383464,1849.5130691404001
532.0,0.3413373613239473,0.17284204530394734,0.28006887612249237,2.910957517929911,-0.018661891422772133,0.3141368293628234,86.07023597041282,1870.9504861724665
533.0,0.37544008868239104,0.0046161044349325225,0.2015058310953648,4.4125014895399035,0.05733120371559606,0.16994028082263976,26.251464602837864,1811.1317148048915
534.0,0.26462574453156895,0.031895232359565866,0.20544943032713986,0.5960316006324411,-0.08850668092398331,0.3205248444865715,23.745810517794695,1808.6260607198483
535.0,0.26606505144857917,0.00031627256152422234,0.20042179267007387,1.6178117345134837,0.019848493694183934,0.25502899846840915,115.26921997952587,1900.1494701815795
536.0,0.22381495034396556,0.037489597902077246,0.21995195849864224,0.7560166865643922,0.15507371995422503,0.42621384156315095,14.538127273558906,1799.4183774756125
537.0,0.21723335601907487,0.09191101341964246,0.2008274279507104,2.96957974906239,0.05498096013410612,0.3032227841603456,29.095301207252934,1813.9755514093065
538.0,0.2000494854142948,0.01523270587077983,0.31856234789913235,1.1750064299643532,0.1390626252857075,0.39713750706284,41.79062993235227,1826.6708801344057
539.0,0.19801556130632925,0.04747500172347015,0.24090761060666166,0.9982080540883527,0.09571918747579851,0.43575823880380454,37.592547872885845,1822.4727980749394
540.0,0.21815425032509703,0.08129785128912946,0.2711638702696244,4.602783142188145,0.027833551596030404,0.2778990934909213,29.64658682219875,1814.5268370242525
541.0,0.3245878253927617,0.05041826376244179,0.21786581069447147,1.4856477700515023,0.05834741207161889,0.2232604240765626,16.946628003802232,1801.826878205856
542.0,0.3453345628302969,0.05601313082080264,0.200232668062782,0.3636364969249768,-0.0520805028080861,0.15057802879079962,54.574764567410575,1839.4550147694642
543.0,0.31329437629168266,0.042517014160709146,0.25273691608697724,4.4355751707090505,-0.05925713903360204,0.4474172120167662,9.190736471357315,1794.0709866734107
544.0,0.35944625812127207,0.021361708935820234,0.37955888865751,4.0317851678890735,-0.03971685883776291,0.3046850849648401,10.20546848527179,1795.0857186873259
545.0,0.22942847638603509,0.07160820303324571,0.25079915298964905,0.7673369452621548,0.03883988381775998,0.4163056433276822,23.871290124793013,1808.751540326847
546.0,0.20996938654478314,-0.037701702370673204,0.3293600651094374,0.7436285282158723,0.06676393706493203,0.39181077807475606,36.29404314583016,1821.174293347884
547.0,0.29475408111616214,0.01895929592713044,0.2502914343077622,4.499798783442257,0.08522289379644787,0.23488703677267486,57.408986417613875,1842.2892366196675
548.0,0.3719329292026097,0.15891868388400648,0.3444834275465938,4.900116556407069,-0.10940986136583862,0.24694186195907605,30.03349766230935,1814.9137478643631
549.0,0.2607703181234593,0.07418759077566124,0.35819618488545024,4.98065088809159,0.05844391864275611,0.22201286158978914,7.422284644182837,1792.3025348462365
550.0,0.31040773773609287,0.1515844825549053,0.2598277589782827,0.5687379910256272,0.0749321544254367,0.3249406400975146,33.337910635427434,1818.218160837481
551.0,0.3784827930475043,0.08918139435124023,0.5011017314670868,0.7719940457491704,-0.1487494159547857,0.37082125154992734,22.234524837686255,1807.11477503974
552.0,0.2564435888300858,0.08937133749654727,0.22082324014127258,1.9653499287951055,-0.009810065522421467,0.3118400545137272,22.063379267112474,1806.9436294691661
553.0,0.23867929840705163,-0.04375808006747653,0.3039126088698366,0.4031981157478506,-0.0886539561489602,0.40235065120253927,15.616972476498999,1800.4972226785526
554.0,0.21699612810548394,0.1131237082000562,0.2234464412691018,2.279137122529957,0.06444686883097539,0.41296308731099574,3.7233625745090944,1788.6036127765626
555.0,0.15340681631626754,0.11126831072476365,0.22856407057077716,1.4898348598811064,0.03201885192714055,0.4028190038746079,26.52270312120554,1811.402953323259
556.0,0.22654240100131712,0.019219361364467648,0.3697986445663151,4.980007228391554,0.3105729514737523,0.31762962770637176,29.824459103217695,1814.7047093052713
557.0,0.3365170478001678,-0.06801706265041436,0.280708322396694,2.3118472707621724,0.1215064315237262,0.21779505737053367,28.08951218849495,1812.9697623905486
558.0,0.2522898299601431,0.049576542563049976,0.23095172430703215,2.1896477591609256,-0.02995420081516378,0.36706235906245543,4.934643231502045,1789.8148934335557
559.0,0.24066122548291244,0.005212275268594447,0.25728672279232195,4.972048182268911,0.1612958595076079,0.2946016878210135,13.619955071785796,1798.5002052738396
560.0,0.19951372092603614,-0.02142001655739704,0.2528217407053234,3.216516397139632,0.03763670157232344,0.37761017630063287,38.897778372857395,1823.7780285749106
561.0,0.28678762168097555,0.006056825507377095,0.2421845809581213,4.0197336667954815,0.034815058900217015,0.19226276766262962,13.245761802722877,1798.1260120047766
562.0,0.20277296321666297,0.04320398070248408,0.2432122159995575,2.6062071461000214,0.001419322939916512,0.370560659459448,43.314469782581334,1828.1947199846352
563.0,0.18519560337859703,0.17101832829798683,0.40763873260380884,0.28830103154508313,0.00819256218388995,0.39859660589264956,23.86014154568718,1808.740391747741
564.0,0.3711532306788114,0.025171503222122873,0.21339677471406238,4.020459566813557,0.013410931401944737,0.20149981121354515,5.185036670039345,1790.065286872093
565.0,0.17005189968632048,0.04277804135247618,0.23170582745365276,1.0866085227951332,0.09271475698769632,0.4125967597601089,57.96142183044117,1842.841672032495
566.0,0.3012013881893475,0.005465445672560465,0.2781560764659237,3.8011126664052184,-0.009345396905660542,0.2600702931611689,18.442194400354794,1803.3224446024085
567.0,0.17310379385948194,-0.02175460945626331,0.31637919970884165,0.4895648270536892,0.039644689191856666,0.35054932067340794,35.9192094052061,1820.7994596072597
568.0,0.23297030581813977,0.11115467111410085,0.2866503119419869,3.809309779596194,0.18850622022088306,0.4096785852489884,13.649724749114544,1798.529974951168
569.0,0.35424260368069227,-0.0621107664550912,0.3038938911672795,1.7546000243868929,0.07229225085485164,0.282883727595749,18.70048268278613,1803.5807328848398
570.0,0.31293071824260166,0.1800759018239568,0.2001954872012165,0.49518876282709146,0.0779936324182537,0.17663192405477704,20.686997736937048,1805.5672479389905
571.0,0.3795347790479995,0.14210567589997278,0.20006649237976487,2.0282752979406204,-0.07217789884888437,0.15073318970260816,59.50148377347208,1844.3817339755255
572.0,0.2564745962880749,0.19756911404797337,0.21350369517352918,0.9430580015323047,0.049217750950504874,0.431391907136925,3.948367815585316,1788.8286180176387
573.0,0.2706387583018892,0.028380535634025608,0.22811006619859742,4.999063969973775,-0.04343995193531791,0.2613230733241946,8.292501148135926,1793.1727513501896
574.0,0.2472069939924927,0.06900978455323026,0.22320623057508365,0.5170859570698472,0.023935057107834723,0.21448667700542878,45.24365221835889,1830.1239024204126
575.0,0.1950597566352985,-0.01625151211256124,0.29649969253965824,4.9387859092877235,0.15546039292683247,0.38427449263214836,25.156862481319745,1810.0371126833732
576.0,0.34733718512136624,0.19546252081224086,0.41515020488039445,3.7721865151358793,-0.08371230598231694,0.4331432256794604,78.87733166474871,1863.757581866802
577.0,0.2245015265891023,-0.008857735948777945,0.23299847890227204,3.9003346039277833,0.05737335954937626,0.4265012780241698,42.526368799983885,1827.4066190020376
578.0,0.37983165890668136,0.06761935591675283,0.21248610220476472,2.9499543917826965,0.007647959335691113,0.23914364319898987,42.34301463750761,1827.2232648395616
579.0,0.20176001521642165,0.08495221756743221,0.30505834486016703,4.9910435547322205,0.1413048308135479,0.44789387776413014,20.229867168355298,1805.1101173704092
580.0,0.20016767146870348,0.09571522797664055,0.2180745390392017,1.4502657666649956,0.10188672805814347,0.381834094947141,52.532412347822444,1837.4126625498764
581.0,0.3793329965975796,-0.1436332815032865,0.4120267225657121,2.728792331493835,0.249746623287962,0.32710305208957347,18.813665556037957,1803.6939157580916
582.0,0.14796305819390493,0.10098557194548703,0.32835084206493537,4.8820876633718395,0.34349233359563675,0.32280375036783454,21.67214124318882,1806.5523914452424
